text_id,n_words,n_tokens,n_lemmma,n_nouns,n_verbs,corpus,language
alhayat.20010204.0082,440,330,256,148,31,UD_Arabic-PADT,Arabic
alhayat.20010207.0075,445,343,252,139,32,UD_Arabic-PADT,Arabic
alhayat.20010208.0022,439,323,247,124,30,UD_Arabic-PADT,Arabic
alhayat.20010211.0080,448,328,245,124,36,UD_Arabic-PADT,Arabic
alhayat.20010214.0068,452,329,260,139,31,UD_Arabic-PADT,Arabic
alhayat.20010225.0097,455,347,264,141,33,UD_Arabic-PADT,Arabic
alhayat.20010407.0221,458,347,262,154,36,UD_Arabic-PADT,Arabic
alhayat.20010417.0149,460,349,259,131,38,UD_Arabic-PADT,Arabic
alhayat.20010422.0178,452,339,271,153,37,UD_Arabic-PADT,Arabic
alhayat.20010423.0163,451,343,270,151,36,UD_Arabic-PADT,Arabic
alhayat.20010425.0156,438,336,271,145,30,UD_Arabic-PADT,Arabic
alhayat.20010911.0008,433,332,249,143,37,UD_Arabic-PADT,Arabic
alhayat.20010912.0068,425,299,236,153,16,UD_Arabic-PADT,Arabic
alhayat.20011007.0087,425,332,265,148,30,UD_Arabic-PADT,Arabic
alhayat.20011108.0027,432,319,247,134,26,UD_Arabic-PADT,Arabic
alhayat.20011225.0099,428,328,249,129,27,UD_Arabic-PADT,Arabic
alhayat.20020116.0063,434,329,241,125,29,UD_Arabic-PADT,Arabic
annahar.20021101.0005,443,317,251,126,32,UD_Arabic-PADT,Arabic
annahar.20021130.0096,437,319,241,130,29,UD_Arabic-PADT,Arabic
assabah.20041005.0017,432,311,242,128,33,UD_Arabic-PADT,Arabic
assabah.20041013.0022,436,331,246,118,36,UD_Arabic-PADT,Arabic
assabah.20041020.0001,431,299,222,127,24,UD_Arabic-PADT,Arabic
assabah.20041022.0016,438,321,253,143,37,UD_Arabic-PADT,Arabic
ummah.20040407.0003,436,336,256,144,31,UD_Arabic-PADT,Arabic
ummah.20040407.0013,440,327,252,125,31,UD_Arabic-PADT,Arabic
ummah.20040407.0026,439,331,253,150,32,UD_Arabic-PADT,Arabic
ummah.20040531.0006,434,329,255,140,28,UD_Arabic-PADT,Arabic
ummah.20040531.0013,440,324,246,134,35,UD_Arabic-PADT,Arabic
ummah.20040628.0050,438,307,243,135,29,UD_Arabic-PADT,Arabic
ummah.20040705.0001,447,340,267,146,32,UD_Arabic-PADT,Arabic
ummah.20040705.0011,444,337,259,147,36,UD_Arabic-PADT,Arabic
ummah.20040705.0017,438,336,265,148,36,UD_Arabic-PADT,Arabic
ummah.20040715.0010,448,335,251,130,31,UD_Arabic-PADT,Arabic
ummah.20040715.0019,445,330,252,143,19,UD_Arabic-PADT,Arabic
ummah.20040715.0027,425,303,241,123,39,UD_Arabic-PADT,Arabic
ummah.20040715.0033,425,332,257,160,29,UD_Arabic-PADT,Arabic
ummah.20040715.0039,436,334,256,150,27,UD_Arabic-PADT,Arabic
ummah.20040726.0012,433,323,257,133,27,UD_Arabic-PADT,Arabic
ummah.20040726.0031,441,347,262,134,39,UD_Arabic-PADT,Arabic
ummah.20040726.0053,440,323,241,127,27,UD_Arabic-PADT,Arabic
ummah.20040726.0064,444,321,261,139,36,UD_Arabic-PADT,Arabic
ummah.20040726.0071,435,333,267,144,36,UD_Arabic-PADT,Arabic
ummah.20040809.0062,440,323,254,132,40,UD_Arabic-PADT,Arabic
ummah.20040809.0076,438,332,249,129,39,UD_Arabic-PADT,Arabic
ummah.20040819.0026,442,336,261,138,23,UD_Arabic-PADT,Arabic
ummah.20040819.0034,433,329,260,136,36,UD_Arabic-PADT,Arabic
ummah.20040906.0001,441,335,268,148,34,UD_Arabic-PADT,Arabic
ummah.20040906.0010,434,334,252,141,29,UD_Arabic-PADT,Arabic
ummah.20040906.0014,445,338,265,135,38,UD_Arabic-PADT,Arabic
xinhua.20030501.0016,430,323,248,120,34,UD_Arabic-PADT,Arabic
xinhua.20030501.0028,437,320,254,152,25,UD_Arabic-PADT,Arabic
xinhua.20030501.0042,446,325,244,144,32,UD_Arabic-PADT,Arabic
xinhua.20030501.0081,444,317,244,141,26,UD_Arabic-PADT,Arabic
xinhua.20030503.0026,438,322,248,128,35,UD_Arabic-PADT,Arabic
xinhua.20030503.0037,435,331,253,143,33,UD_Arabic-PADT,Arabic
xinhua.20030503.0047,438,320,253,115,35,UD_Arabic-PADT,Arabic
xinhua.20030503.0052,434,326,238,146,32,UD_Arabic-PADT,Arabic
xinhua.20030503.0126,430,329,269,148,28,UD_Arabic-PADT,Arabic
xinhua.20030503.0135,425,310,238,119,29,UD_Arabic-PADT,Arabic
xinhua.20030503.0158,429,317,247,144,34,UD_Arabic-PADT,Arabic
xinhua.20030503.0166,443,357,277,162,30,UD_Arabic-PADT,Arabic
xinhua.20030503.0171,444,329,239,135,29,UD_Arabic-PADT,Arabic
xinhua.20030503.0179,441,312,236,133,31,UD_Arabic-PADT,Arabic
xinhua.20030503.0183,450,332,264,151,32,UD_Arabic-PADT,Arabic
xinhua.20030503.0190,446,323,248,141,30,UD_Arabic-PADT,Arabic
xinhua.20030509.0142,439,334,266,150,28,UD_Arabic-PADT,Arabic
xinhua.20030509.0153,438,326,243,128,33,UD_Arabic-PADT,Arabic
xinhua.20030509.0160,436,323,261,139,31,UD_Arabic-PADT,Arabic
xinhua.20030511.0181,426,322,249,144,37,UD_Arabic-PADT,Arabic
n01001,32,30,30,12,3,UD_Arabic-PUD,Arabic
n01002,66,61,60,12,7,UD_Arabic-PUD,Arabic
n01003,66,59,59,20,6,UD_Arabic-PUD,Arabic
n01004,24,24,23,10,4,UD_Arabic-PUD,Arabic
n01005,62,53,53,19,5,UD_Arabic-PUD,Arabic
n01006,21,21,21,6,5,UD_Arabic-PUD,Arabic
n01007,22,21,21,8,0,UD_Arabic-PUD,Arabic
n01008,22,20,20,6,1,UD_Arabic-PUD,Arabic
n01009,38,37,37,10,3,UD_Arabic-PUD,Arabic
n01011,58,55,56,20,6,UD_Arabic-PUD,Arabic
n01012,16,14,14,3,0,UD_Arabic-PUD,Arabic
n01013,19,18,18,10,1,UD_Arabic-PUD,Arabic
n01014,38,36,36,15,5,UD_Arabic-PUD,Arabic
n01015,39,35,35,13,3,UD_Arabic-PUD,Arabic
n01016,36,32,32,10,4,UD_Arabic-PUD,Arabic
n01017,36,30,30,11,1,UD_Arabic-PUD,Arabic
n01018,20,20,19,5,2,UD_Arabic-PUD,Arabic
n01019,38,34,35,14,6,UD_Arabic-PUD,Arabic
n01020,41,38,38,9,3,UD_Arabic-PUD,Arabic
n01021,40,36,35,11,6,UD_Arabic-PUD,Arabic
n01022,93,79,76,26,7,UD_Arabic-PUD,Arabic
n01023,48,40,40,14,5,UD_Arabic-PUD,Arabic
n01024,32,31,29,12,5,UD_Arabic-PUD,Arabic
n01025,34,31,31,12,3,UD_Arabic-PUD,Arabic
n01026,35,34,34,13,4,UD_Arabic-PUD,Arabic
n01027,61,50,49,16,4,UD_Arabic-PUD,Arabic
n01028,22,20,20,7,7,UD_Arabic-PUD,Arabic
n01029,48,43,41,19,3,UD_Arabic-PUD,Arabic
n01030,55,53,52,20,5,UD_Arabic-PUD,Arabic
n01031,26,21,21,7,2,UD_Arabic-PUD,Arabic
n01032,14,14,13,2,4,UD_Arabic-PUD,Arabic
n01033,84,73,71,23,12,UD_Arabic-PUD,Arabic
n01034,20,20,20,6,1,UD_Arabic-PUD,Arabic
n01035,90,71,71,24,6,UD_Arabic-PUD,Arabic
n01036,57,53,51,22,6,UD_Arabic-PUD,Arabic
n01037,6,6,6,1,1,UD_Arabic-PUD,Arabic
n01038,37,35,35,10,6,UD_Arabic-PUD,Arabic
n01039,49,42,43,14,7,UD_Arabic-PUD,Arabic
n01040,15,15,15,5,0,UD_Arabic-PUD,Arabic
n01041,30,29,27,10,5,UD_Arabic-PUD,Arabic
n01042,13,13,13,5,1,UD_Arabic-PUD,Arabic
n01043,44,36,37,7,3,UD_Arabic-PUD,Arabic
n01044,46,40,40,8,6,UD_Arabic-PUD,Arabic
n01045,45,40,40,18,2,UD_Arabic-PUD,Arabic
n01046,38,36,37,16,1,UD_Arabic-PUD,Arabic
n01047,19,18,17,4,1,UD_Arabic-PUD,Arabic
n01049,24,24,24,7,3,UD_Arabic-PUD,Arabic
n01050,59,45,45,18,8,UD_Arabic-PUD,Arabic
n01051,47,40,40,14,5,UD_Arabic-PUD,Arabic
n01052,37,35,35,9,3,UD_Arabic-PUD,Arabic
n01053,56,50,48,16,8,UD_Arabic-PUD,Arabic
n01054,21,20,20,8,2,UD_Arabic-PUD,Arabic
n01055,49,43,42,11,7,UD_Arabic-PUD,Arabic
n01057,31,31,31,11,1,UD_Arabic-PUD,Arabic
n01058,50,45,44,17,3,UD_Arabic-PUD,Arabic
n01059,60,52,53,19,2,UD_Arabic-PUD,Arabic
n01060,17,17,17,5,1,UD_Arabic-PUD,Arabic
n01061,48,43,42,11,5,UD_Arabic-PUD,Arabic
n01062,39,33,33,12,1,UD_Arabic-PUD,Arabic
n01063,82,70,69,32,9,UD_Arabic-PUD,Arabic
n01064,58,54,53,20,5,UD_Arabic-PUD,Arabic
n01065,20,20,20,9,0,UD_Arabic-PUD,Arabic
n01066,59,56,56,14,7,UD_Arabic-PUD,Arabic
n01067,32,28,28,7,4,UD_Arabic-PUD,Arabic
n01068,36,32,32,9,4,UD_Arabic-PUD,Arabic
n01069,74,65,64,20,6,UD_Arabic-PUD,Arabic
n01070,57,47,47,15,6,UD_Arabic-PUD,Arabic
n01071,16,16,15,8,1,UD_Arabic-PUD,Arabic
n01072,41,37,37,13,4,UD_Arabic-PUD,Arabic
n01073,23,21,21,7,4,UD_Arabic-PUD,Arabic
n01074,75,65,63,21,7,UD_Arabic-PUD,Arabic
n01075,40,33,31,13,3,UD_Arabic-PUD,Arabic
n01076,67,56,57,19,7,UD_Arabic-PUD,Arabic
n01077,42,34,32,13,3,UD_Arabic-PUD,Arabic
n01078,18,17,17,8,2,UD_Arabic-PUD,Arabic
n01079,72,62,60,24,7,UD_Arabic-PUD,Arabic
n01080,41,38,37,13,0,UD_Arabic-PUD,Arabic
n01081,20,18,19,2,5,UD_Arabic-PUD,Arabic
n01082,12,11,11,4,1,UD_Arabic-PUD,Arabic
n01083,32,31,30,14,1,UD_Arabic-PUD,Arabic
n01084,45,41,41,10,9,UD_Arabic-PUD,Arabic
n01085,60,52,51,16,5,UD_Arabic-PUD,Arabic
n01086,61,52,51,19,5,UD_Arabic-PUD,Arabic
n01087,79,74,72,29,5,UD_Arabic-PUD,Arabic
n01088,17,17,17,5,2,UD_Arabic-PUD,Arabic
n01089,33,28,27,10,2,UD_Arabic-PUD,Arabic
n01090,36,29,29,8,1,UD_Arabic-PUD,Arabic
n01091,61,54,54,15,8,UD_Arabic-PUD,Arabic
n01092,48,46,45,14,7,UD_Arabic-PUD,Arabic
n01093,46,44,44,18,4,UD_Arabic-PUD,Arabic
n01094,44,38,38,14,1,UD_Arabic-PUD,Arabic
n01095,48,41,41,14,4,UD_Arabic-PUD,Arabic
n01096,18,18,18,5,3,UD_Arabic-PUD,Arabic
n01097,40,37,37,10,6,UD_Arabic-PUD,Arabic
n01098,44,41,41,14,4,UD_Arabic-PUD,Arabic
n01099,6,6,6,4,0,UD_Arabic-PUD,Arabic
n01101,80,68,66,21,9,UD_Arabic-PUD,Arabic
n01102,18,16,17,8,2,UD_Arabic-PUD,Arabic
n01103,16,13,13,5,2,UD_Arabic-PUD,Arabic
n01104,41,40,40,20,1,UD_Arabic-PUD,Arabic
n01105,63,51,51,24,1,UD_Arabic-PUD,Arabic
n01106,25,23,23,4,1,UD_Arabic-PUD,Arabic
n01107,5,5,5,2,1,UD_Arabic-PUD,Arabic
n01108,47,43,41,8,4,UD_Arabic-PUD,Arabic
n01109,38,36,35,9,5,UD_Arabic-PUD,Arabic
n01110,54,49,48,16,9,UD_Arabic-PUD,Arabic
n01111,40,36,36,14,3,UD_Arabic-PUD,Arabic
n01112,22,21,22,8,1,UD_Arabic-PUD,Arabic
n01113,1,1,1,0,0,UD_Arabic-PUD,Arabic
n01114,21,19,19,7,1,UD_Arabic-PUD,Arabic
n01115,19,19,19,7,2,UD_Arabic-PUD,Arabic
n01116,70,62,62,20,9,UD_Arabic-PUD,Arabic
n01117,11,10,10,5,0,UD_Arabic-PUD,Arabic
n01118,44,41,41,12,9,UD_Arabic-PUD,Arabic
n01119,80,69,68,29,4,UD_Arabic-PUD,Arabic
n01120,46,40,41,12,3,UD_Arabic-PUD,Arabic
n01121,43,40,39,9,4,UD_Arabic-PUD,Arabic
n01122,21,21,21,4,4,UD_Arabic-PUD,Arabic
n01123,25,23,23,5,5,UD_Arabic-PUD,Arabic
n01125,35,30,31,10,4,UD_Arabic-PUD,Arabic
n01127,33,31,31,12,3,UD_Arabic-PUD,Arabic
n01128,70,62,62,23,10,UD_Arabic-PUD,Arabic
n01129,51,46,46,14,4,UD_Arabic-PUD,Arabic
n01130,40,37,37,10,3,UD_Arabic-PUD,Arabic
n01131,39,35,35,15,3,UD_Arabic-PUD,Arabic
n01132,43,41,42,13,5,UD_Arabic-PUD,Arabic
n01133,41,39,38,12,6,UD_Arabic-PUD,Arabic
n01134,62,55,55,16,3,UD_Arabic-PUD,Arabic
n01135,17,17,16,6,1,UD_Arabic-PUD,Arabic
n01136,48,45,45,11,5,UD_Arabic-PUD,Arabic
n01137,33,30,30,13,1,UD_Arabic-PUD,Arabic
n01138,53,46,46,18,2,UD_Arabic-PUD,Arabic
n01139,51,44,44,14,4,UD_Arabic-PUD,Arabic
n01140,17,17,17,2,5,UD_Arabic-PUD,Arabic
n01141,62,57,55,18,5,UD_Arabic-PUD,Arabic
n01142,39,36,35,10,9,UD_Arabic-PUD,Arabic
n01143,42,38,38,7,7,UD_Arabic-PUD,Arabic
n01144,90,76,74,25,12,UD_Arabic-PUD,Arabic
n01145,73,65,65,25,7,UD_Arabic-PUD,Arabic
n01147,39,37,37,11,3,UD_Arabic-PUD,Arabic
n01148,23,22,22,9,4,UD_Arabic-PUD,Arabic
n01149,46,42,41,18,4,UD_Arabic-PUD,Arabic
n01150,68,62,62,23,11,UD_Arabic-PUD,Arabic
n02002,1,1,1,0,0,UD_Arabic-PUD,Arabic
n02004,22,22,22,6,2,UD_Arabic-PUD,Arabic
n02006,22,21,21,7,1,UD_Arabic-PUD,Arabic
n02007,21,20,20,7,1,UD_Arabic-PUD,Arabic
n02011,42,40,40,8,2,UD_Arabic-PUD,Arabic
n02016,22,22,22,6,2,UD_Arabic-PUD,Arabic
n02017,21,17,17,7,2,UD_Arabic-PUD,Arabic
n02022,1,1,1,0,0,UD_Arabic-PUD,Arabic
n02024,16,16,16,5,3,UD_Arabic-PUD,Arabic
n02027,51,46,44,13,5,UD_Arabic-PUD,Arabic
n02030,17,17,17,5,3,UD_Arabic-PUD,Arabic
n02031,14,14,14,2,6,UD_Arabic-PUD,Arabic
n02032,16,15,15,4,2,UD_Arabic-PUD,Arabic
n02033,29,27,27,13,3,UD_Arabic-PUD,Arabic
n02034,16,16,16,5,2,UD_Arabic-PUD,Arabic
n02036,13,13,13,3,2,UD_Arabic-PUD,Arabic
n02038,17,17,17,5,1,UD_Arabic-PUD,Arabic
n02040,21,19,19,5,0,UD_Arabic-PUD,Arabic
n02041,6,6,6,3,0,UD_Arabic-PUD,Arabic
n02042,58,49,49,16,6,UD_Arabic-PUD,Arabic
n02043,18,18,17,7,0,UD_Arabic-PUD,Arabic
n02044,24,22,22,3,5,UD_Arabic-PUD,Arabic
n02046,19,15,16,6,1,UD_Arabic-PUD,Arabic
n02048,19,19,19,5,3,UD_Arabic-PUD,Arabic
n02050,16,16,16,7,2,UD_Arabic-PUD,Arabic
n02052,10,10,10,1,3,UD_Arabic-PUD,Arabic
n02056,13,13,13,4,2,UD_Arabic-PUD,Arabic
n02058,15,15,15,5,1,UD_Arabic-PUD,Arabic
n02066,15,15,15,3,5,UD_Arabic-PUD,Arabic
n02068,28,26,26,10,3,UD_Arabic-PUD,Arabic
n02069,22,20,20,3,3,UD_Arabic-PUD,Arabic
n02073,22,21,21,8,1,UD_Arabic-PUD,Arabic
n02074,20,20,20,6,2,UD_Arabic-PUD,Arabic
n02075,2,2,2,1,0,UD_Arabic-PUD,Arabic
n02076,22,21,21,6,2,UD_Arabic-PUD,Arabic
n02078,42,37,36,15,3,UD_Arabic-PUD,Arabic
n02079,21,20,20,7,1,UD_Arabic-PUD,Arabic
n02081,20,20,20,10,1,UD_Arabic-PUD,Arabic
n02082,18,17,17,6,1,UD_Arabic-PUD,Arabic
n02083,16,14,14,5,1,UD_Arabic-PUD,Arabic
n03001,56,50,50,20,6,UD_Arabic-PUD,Arabic
n03002,27,27,27,6,3,UD_Arabic-PUD,Arabic
n03003,30,28,28,7,5,UD_Arabic-PUD,Arabic
n03004,16,14,14,7,1,UD_Arabic-PUD,Arabic
n03005,38,34,34,17,3,UD_Arabic-PUD,Arabic
n03006,88,72,73,29,8,UD_Arabic-PUD,Arabic
n03007,83,71,68,25,9,UD_Arabic-PUD,Arabic
n03008,20,18,18,5,1,UD_Arabic-PUD,Arabic
n03009,40,36,36,12,4,UD_Arabic-PUD,Arabic
n03010,34,29,29,13,3,UD_Arabic-PUD,Arabic
n04001,19,19,19,6,2,UD_Arabic-PUD,Arabic
n04002,46,37,39,12,3,UD_Arabic-PUD,Arabic
n04003,10,10,10,3,2,UD_Arabic-PUD,Arabic
n04005,30,27,27,9,5,UD_Arabic-PUD,Arabic
n04006,90,75,72,31,6,UD_Arabic-PUD,Arabic
n04007,85,71,71,28,6,UD_Arabic-PUD,Arabic
n04008,34,30,30,9,4,UD_Arabic-PUD,Arabic
n04009,28,24,25,8,3,UD_Arabic-PUD,Arabic
n04010,44,39,39,15,7,UD_Arabic-PUD,Arabic
n05001,29,28,28,8,2,UD_Arabic-PUD,Arabic
n05002,47,40,40,14,5,UD_Arabic-PUD,Arabic
n05003,35,32,32,9,5,UD_Arabic-PUD,Arabic
n05004,28,25,25,9,2,UD_Arabic-PUD,Arabic
n05005,28,27,27,10,2,UD_Arabic-PUD,Arabic
n05006,10,10,10,3,0,UD_Arabic-PUD,Arabic
n05007,48,43,43,15,3,UD_Arabic-PUD,Arabic
n05008,41,39,39,19,3,UD_Arabic-PUD,Arabic
n05009,36,33,33,7,4,UD_Arabic-PUD,Arabic
n05010,1,1,1,1,0,UD_Arabic-PUD,Arabic
w01001,17,17,17,7,1,UD_Arabic-PUD,Arabic
w01002,57,51,49,15,4,UD_Arabic-PUD,Arabic
w01003,62,53,54,17,7,UD_Arabic-PUD,Arabic
w01004,16,15,15,5,0,UD_Arabic-PUD,Arabic
w01005,100,81,80,33,9,UD_Arabic-PUD,Arabic
w01006,18,18,17,6,1,UD_Arabic-PUD,Arabic
w01007,52,46,47,14,4,UD_Arabic-PUD,Arabic
w01008,19,16,16,3,2,UD_Arabic-PUD,Arabic
w01009,37,37,36,10,4,UD_Arabic-PUD,Arabic
w01010,92,81,80,33,12,UD_Arabic-PUD,Arabic
w01012,21,18,18,7,3,UD_Arabic-PUD,Arabic
w01013,42,36,36,11,2,UD_Arabic-PUD,Arabic
w01014,18,17,17,9,0,UD_Arabic-PUD,Arabic
w01016,57,49,50,15,6,UD_Arabic-PUD,Arabic
w01017,39,37,37,13,8,UD_Arabic-PUD,Arabic
w01018,45,38,37,17,2,UD_Arabic-PUD,Arabic
w01019,30,29,28,10,0,UD_Arabic-PUD,Arabic
w01020,67,60,60,21,10,UD_Arabic-PUD,Arabic
w01022,56,48,48,14,8,UD_Arabic-PUD,Arabic
w01023,34,31,31,12,2,UD_Arabic-PUD,Arabic
w01025,82,69,69,22,9,UD_Arabic-PUD,Arabic
w01026,35,34,34,6,2,UD_Arabic-PUD,Arabic
w01027,54,45,42,19,10,UD_Arabic-PUD,Arabic
w01028,40,38,39,15,3,UD_Arabic-PUD,Arabic
w01029,61,55,53,21,5,UD_Arabic-PUD,Arabic
w01030,98,81,82,30,7,UD_Arabic-PUD,Arabic
w01031,37,34,34,12,2,UD_Arabic-PUD,Arabic
w01032,17,16,16,5,0,UD_Arabic-PUD,Arabic
w01033,76,63,62,21,6,UD_Arabic-PUD,Arabic
w01034,20,19,19,3,0,UD_Arabic-PUD,Arabic
w01035,77,69,69,25,9,UD_Arabic-PUD,Arabic
w01036,41,37,36,15,3,UD_Arabic-PUD,Arabic
w01037,41,38,38,15,3,UD_Arabic-PUD,Arabic
w01038,70,58,58,23,4,UD_Arabic-PUD,Arabic
w01039,55,51,51,21,6,UD_Arabic-PUD,Arabic
w01040,90,69,69,37,5,UD_Arabic-PUD,Arabic
w01041,22,21,21,5,4,UD_Arabic-PUD,Arabic
w01042,21,20,20,10,5,UD_Arabic-PUD,Arabic
w01043,21,21,21,6,1,UD_Arabic-PUD,Arabic
w01044,21,20,20,10,0,UD_Arabic-PUD,Arabic
w01045,96,82,81,28,9,UD_Arabic-PUD,Arabic
w01046,45,41,40,10,7,UD_Arabic-PUD,Arabic
w01047,77,66,67,21,10,UD_Arabic-PUD,Arabic
w01048,36,32,33,11,6,UD_Arabic-PUD,Arabic
w01049,34,30,30,11,2,UD_Arabic-PUD,Arabic
w01050,102,86,86,32,14,UD_Arabic-PUD,Arabic
w01051,40,35,36,10,4,UD_Arabic-PUD,Arabic
w01052,62,50,51,12,8,UD_Arabic-PUD,Arabic
w01053,68,57,57,26,5,UD_Arabic-PUD,Arabic
w01054,13,13,13,6,1,UD_Arabic-PUD,Arabic
w01056,16,16,16,3,7,UD_Arabic-PUD,Arabic
w01057,48,43,44,15,2,UD_Arabic-PUD,Arabic
w01058,20,20,20,7,2,UD_Arabic-PUD,Arabic
w01060,75,63,64,20,6,UD_Arabic-PUD,Arabic
w01061,22,22,22,7,2,UD_Arabic-PUD,Arabic
w01062,31,27,27,9,2,UD_Arabic-PUD,Arabic
w01063,17,15,15,4,1,UD_Arabic-PUD,Arabic
w01064,14,14,14,4,0,UD_Arabic-PUD,Arabic
w01065,54,52,51,14,8,UD_Arabic-PUD,Arabic
w01066,39,33,34,16,1,UD_Arabic-PUD,Arabic
w01067,39,33,32,10,3,UD_Arabic-PUD,Arabic
w01068,15,15,15,6,3,UD_Arabic-PUD,Arabic
w01069,86,72,70,26,8,UD_Arabic-PUD,Arabic
w01070,88,76,77,25,7,UD_Arabic-PUD,Arabic
w01071,21,21,21,7,1,UD_Arabic-PUD,Arabic
w01072,49,40,40,14,4,UD_Arabic-PUD,Arabic
w01073,70,61,61,17,9,UD_Arabic-PUD,Arabic
w01074,18,18,18,7,3,UD_Arabic-PUD,Arabic
w01075,86,75,76,28,7,UD_Arabic-PUD,Arabic
w01076,29,28,28,7,2,UD_Arabic-PUD,Arabic
w01078,22,19,18,5,3,UD_Arabic-PUD,Arabic
w01079,47,41,40,8,7,UD_Arabic-PUD,Arabic
w01080,99,78,78,32,7,UD_Arabic-PUD,Arabic
w01081,18,17,17,3,3,UD_Arabic-PUD,Arabic
w01082,17,17,16,4,0,UD_Arabic-PUD,Arabic
w01083,30,27,27,12,1,UD_Arabic-PUD,Arabic
w01084,31,27,27,7,4,UD_Arabic-PUD,Arabic
w01085,91,78,78,25,9,UD_Arabic-PUD,Arabic
w01086,43,38,39,15,4,UD_Arabic-PUD,Arabic
w01087,22,18,18,2,1,UD_Arabic-PUD,Arabic
w01088,19,18,18,7,1,UD_Arabic-PUD,Arabic
w01089,67,59,59,25,4,UD_Arabic-PUD,Arabic
w01091,31,29,29,5,4,UD_Arabic-PUD,Arabic
w01092,27,25,25,10,1,UD_Arabic-PUD,Arabic
w01093,17,17,17,8,3,UD_Arabic-PUD,Arabic
w01094,35,32,32,9,3,UD_Arabic-PUD,Arabic
w01095,75,64,62,24,9,UD_Arabic-PUD,Arabic
w01096,56,51,51,15,5,UD_Arabic-PUD,Arabic
w01097,34,33,34,12,2,UD_Arabic-PUD,Arabic
w01098,18,16,16,2,5,UD_Arabic-PUD,Arabic
w01099,7,7,7,2,1,UD_Arabic-PUD,Arabic
w01100,66,61,60,22,8,UD_Arabic-PUD,Arabic
w01101,56,46,45,16,4,UD_Arabic-PUD,Arabic
w01102,24,22,22,9,2,UD_Arabic-PUD,Arabic
w01103,14,13,13,7,1,UD_Arabic-PUD,Arabic
w01105,75,63,63,24,7,UD_Arabic-PUD,Arabic
w01106,46,41,41,7,8,UD_Arabic-PUD,Arabic
w01107,39,37,36,15,3,UD_Arabic-PUD,Arabic
w01108,43,38,38,11,4,UD_Arabic-PUD,Arabic
w01109,41,39,39,10,4,UD_Arabic-PUD,Arabic
w01111,43,39,38,14,3,UD_Arabic-PUD,Arabic
w01112,34,32,31,12,3,UD_Arabic-PUD,Arabic
w01113,65,59,58,17,5,UD_Arabic-PUD,Arabic
w01114,19,17,17,7,4,UD_Arabic-PUD,Arabic
w01115,93,80,79,21,11,UD_Arabic-PUD,Arabic
w01116,68,55,55,19,10,UD_Arabic-PUD,Arabic
w01117,22,22,22,6,4,UD_Arabic-PUD,Arabic
w01119,47,42,41,11,5,UD_Arabic-PUD,Arabic
w01121,15,15,15,3,2,UD_Arabic-PUD,Arabic
w01122,23,21,21,3,3,UD_Arabic-PUD,Arabic
w01124,42,37,38,14,4,UD_Arabic-PUD,Arabic
w01125,72,58,58,29,2,UD_Arabic-PUD,Arabic
w01127,23,23,23,10,0,UD_Arabic-PUD,Arabic
w01128,5,5,5,1,2,UD_Arabic-PUD,Arabic
w01129,47,46,46,13,3,UD_Arabic-PUD,Arabic
w01130,98,77,78,33,8,UD_Arabic-PUD,Arabic
w01131,26,24,24,5,2,UD_Arabic-PUD,Arabic
w01132,26,25,26,7,3,UD_Arabic-PUD,Arabic
w01133,33,28,28,7,4,UD_Arabic-PUD,Arabic
w01134,32,31,30,17,3,UD_Arabic-PUD,Arabic
w01135,73,66,66,29,3,UD_Arabic-PUD,Arabic
w01136,39,35,35,12,1,UD_Arabic-PUD,Arabic
w01137,47,45,45,25,5,UD_Arabic-PUD,Arabic
w01138,1,1,1,1,0,UD_Arabic-PUD,Arabic
w01139,34,30,30,10,2,UD_Arabic-PUD,Arabic
w01140,89,77,76,33,6,UD_Arabic-PUD,Arabic
w01141,54,46,46,17,3,UD_Arabic-PUD,Arabic
w01142,45,36,36,13,0,UD_Arabic-PUD,Arabic
w01143,24,24,24,9,1,UD_Arabic-PUD,Arabic
w01144,86,68,68,28,9,UD_Arabic-PUD,Arabic
w01146,37,35,36,8,3,UD_Arabic-PUD,Arabic
w01147,41,39,39,13,3,UD_Arabic-PUD,Arabic
w01148,1,1,1,0,0,UD_Arabic-PUD,Arabic
w01149,43,40,39,15,4,UD_Arabic-PUD,Arabic
w01150,81,71,68,31,5,UD_Arabic-PUD,Arabic
w02001,7,7,7,1,0,UD_Arabic-PUD,Arabic
w02002,41,35,34,12,4,UD_Arabic-PUD,Arabic
w02003,37,34,34,10,6,UD_Arabic-PUD,Arabic
w02004,45,39,39,19,3,UD_Arabic-PUD,Arabic
w02005,40,39,39,9,5,UD_Arabic-PUD,Arabic
w02006,23,22,22,9,2,UD_Arabic-PUD,Arabic
w02007,49,46,46,16,9,UD_Arabic-PUD,Arabic
w02008,55,49,50,20,5,UD_Arabic-PUD,Arabic
w02009,64,56,56,22,4,UD_Arabic-PUD,Arabic
w02011,18,18,18,3,4,UD_Arabic-PUD,Arabic
w02012,17,16,16,5,1,UD_Arabic-PUD,Arabic
w02013,22,21,21,7,3,UD_Arabic-PUD,Arabic
w02014,19,19,19,6,1,UD_Arabic-PUD,Arabic
w02015,56,50,49,12,9,UD_Arabic-PUD,Arabic
w02016,34,31,31,10,2,UD_Arabic-PUD,Arabic
w02017,22,21,20,11,4,UD_Arabic-PUD,Arabic
w02018,8,8,8,4,1,UD_Arabic-PUD,Arabic
w02019,34,32,32,10,3,UD_Arabic-PUD,Arabic
w03001,36,31,31,8,7,UD_Arabic-PUD,Arabic
w03002,20,20,20,7,1,UD_Arabic-PUD,Arabic
w03003,42,38,38,7,8,UD_Arabic-PUD,Arabic
w03004,14,14,13,5,2,UD_Arabic-PUD,Arabic
w03005,68,57,57,14,8,UD_Arabic-PUD,Arabic
w03006,20,17,17,6,2,UD_Arabic-PUD,Arabic
w03007,22,22,22,8,0,UD_Arabic-PUD,Arabic
w03008,41,35,35,7,4,UD_Arabic-PUD,Arabic
w03009,37,33,33,15,3,UD_Arabic-PUD,Arabic
w03010,71,58,58,21,8,UD_Arabic-PUD,Arabic
w04001,36,32,31,11,2,UD_Arabic-PUD,Arabic
w04002,52,43,43,14,7,UD_Arabic-PUD,Arabic
w04003,43,43,43,16,3,UD_Arabic-PUD,Arabic
w04004,61,54,52,17,7,UD_Arabic-PUD,Arabic
w04006,25,23,23,7,2,UD_Arabic-PUD,Arabic
w04007,60,54,53,24,4,UD_Arabic-PUD,Arabic
w04008,18,16,16,3,1,UD_Arabic-PUD,Arabic
w04009,2,2,2,1,1,UD_Arabic-PUD,Arabic
w04010,68,59,58,16,5,UD_Arabic-PUD,Arabic
w05001,29,26,26,8,3,UD_Arabic-PUD,Arabic
w05002,33,31,30,14,3,UD_Arabic-PUD,Arabic
w05003,48,47,47,13,9,UD_Arabic-PUD,Arabic
w05004,19,18,18,2,3,UD_Arabic-PUD,Arabic
w05005,97,80,77,32,8,UD_Arabic-PUD,Arabic
w05006,29,28,28,8,5,UD_Arabic-PUD,Arabic
w05007,39,38,37,10,5,UD_Arabic-PUD,Arabic
w05008,19,19,19,8,2,UD_Arabic-PUD,Arabic
w05009,14,14,14,6,1,UD_Arabic-PUD,Arabic
w05010,80,71,71,23,8,UD_Arabic-PUD,Arabic
NA,6,6,6,0,0,UD_Arabic-PUD,Arabic
n01001,36,31,1,10,6,UD_Chinese-PUD,Chinese
n01002,48,45,1,17,9,UD_Chinese-PUD,Chinese
n01003,82,70,1,19,18,UD_Chinese-PUD,Chinese
n01004,46,39,1,17,7,UD_Chinese-PUD,Chinese
n01005,65,58,1,23,12,UD_Chinese-PUD,Chinese
n01006,22,20,1,4,5,UD_Chinese-PUD,Chinese
n01007,22,20,1,9,2,UD_Chinese-PUD,Chinese
n01008,20,18,1,7,4,UD_Chinese-PUD,Chinese
n01009,45,38,1,15,9,UD_Chinese-PUD,Chinese
n01010,20,20,1,8,3,UD_Chinese-PUD,Chinese
n01011,45,42,1,15,11,UD_Chinese-PUD,Chinese
n01012,13,13,1,5,0,UD_Chinese-PUD,Chinese
n01013,16,15,1,5,4,UD_Chinese-PUD,Chinese
n01014,33,28,1,7,7,UD_Chinese-PUD,Chinese
n01015,33,30,1,9,13,UD_Chinese-PUD,Chinese
n01016,51,43,1,15,11,UD_Chinese-PUD,Chinese
n01017,79,71,1,25,17,UD_Chinese-PUD,Chinese
n01018,43,40,1,13,8,UD_Chinese-PUD,Chinese
n01019,42,36,1,15,6,UD_Chinese-PUD,Chinese
n01020,59,51,1,21,5,UD_Chinese-PUD,Chinese
n01021,54,50,1,15,8,UD_Chinese-PUD,Chinese
n01022,103,84,1,29,17,UD_Chinese-PUD,Chinese
n01023,55,53,1,20,16,UD_Chinese-PUD,Chinese
n01024,49,45,1,15,9,UD_Chinese-PUD,Chinese
n01025,50,43,1,13,8,UD_Chinese-PUD,Chinese
n01026,42,35,1,10,10,UD_Chinese-PUD,Chinese
n01027,82,70,1,31,9,UD_Chinese-PUD,Chinese
n01028,17,16,1,4,3,UD_Chinese-PUD,Chinese
n01029,77,70,1,23,11,UD_Chinese-PUD,Chinese
n01030,58,55,1,18,8,UD_Chinese-PUD,Chinese
n01031,39,35,1,13,6,UD_Chinese-PUD,Chinese
n01032,20,20,1,9,1,UD_Chinese-PUD,Chinese
n01033,101,93,1,34,20,UD_Chinese-PUD,Chinese
n01034,39,36,1,8,13,UD_Chinese-PUD,Chinese
n01035,71,65,1,29,12,UD_Chinese-PUD,Chinese
n01036,47,44,1,16,10,UD_Chinese-PUD,Chinese
n01037,18,16,1,7,3,UD_Chinese-PUD,Chinese
n01038,35,31,1,12,5,UD_Chinese-PUD,Chinese
n01039,60,54,1,14,10,UD_Chinese-PUD,Chinese
n01040,21,21,1,5,5,UD_Chinese-PUD,Chinese
n01041,45,40,1,15,12,UD_Chinese-PUD,Chinese
n01042,44,34,1,13,4,UD_Chinese-PUD,Chinese
n01043,79,67,1,25,16,UD_Chinese-PUD,Chinese
n01044,33,33,1,11,9,UD_Chinese-PUD,Chinese
n01045,29,27,1,10,5,UD_Chinese-PUD,Chinese
n01046,51,49,1,15,11,UD_Chinese-PUD,Chinese
n01047,16,15,1,4,2,UD_Chinese-PUD,Chinese
n01048,22,21,1,7,3,UD_Chinese-PUD,Chinese
n01049,34,31,1,12,4,UD_Chinese-PUD,Chinese
n01050,70,60,1,20,15,UD_Chinese-PUD,Chinese
n01051,62,54,1,16,12,UD_Chinese-PUD,Chinese
n01052,41,38,1,12,6,UD_Chinese-PUD,Chinese
n01053,62,57,1,12,16,UD_Chinese-PUD,Chinese
n01054,45,39,1,10,11,UD_Chinese-PUD,Chinese
n01055,48,41,1,16,8,UD_Chinese-PUD,Chinese
n01057,31,27,1,10,3,UD_Chinese-PUD,Chinese
n01058,55,52,1,17,12,UD_Chinese-PUD,Chinese
n01059,76,63,1,15,12,UD_Chinese-PUD,Chinese
n01060,20,18,1,8,4,UD_Chinese-PUD,Chinese
n01061,60,57,1,14,13,UD_Chinese-PUD,Chinese
n01062,40,36,1,15,6,UD_Chinese-PUD,Chinese
n01063,82,68,1,28,13,UD_Chinese-PUD,Chinese
n01064,55,42,1,14,7,UD_Chinese-PUD,Chinese
n01065,19,19,1,5,4,UD_Chinese-PUD,Chinese
n01066,55,47,1,17,11,UD_Chinese-PUD,Chinese
n01067,36,32,1,7,4,UD_Chinese-PUD,Chinese
n01068,35,31,1,11,7,UD_Chinese-PUD,Chinese
n01069,76,68,1,25,16,UD_Chinese-PUD,Chinese
n01070,59,49,1,16,9,UD_Chinese-PUD,Chinese
n01071,21,21,1,6,2,UD_Chinese-PUD,Chinese
n01072,63,58,1,19,18,UD_Chinese-PUD,Chinese
n01073,38,35,1,15,6,UD_Chinese-PUD,Chinese
n01074,93,81,1,32,17,UD_Chinese-PUD,Chinese
n01075,34,31,1,8,4,UD_Chinese-PUD,Chinese
n01076,64,57,1,21,9,UD_Chinese-PUD,Chinese
n01077,39,37,1,5,9,UD_Chinese-PUD,Chinese
n01078,20,20,1,4,5,UD_Chinese-PUD,Chinese
n01079,51,48,1,12,13,UD_Chinese-PUD,Chinese
n01080,37,33,1,13,3,UD_Chinese-PUD,Chinese
n01081,16,16,1,5,3,UD_Chinese-PUD,Chinese
n01082,18,15,1,5,2,UD_Chinese-PUD,Chinese
n01083,45,43,1,9,7,UD_Chinese-PUD,Chinese
n01084,72,62,1,25,15,UD_Chinese-PUD,Chinese
n01085,59,53,1,13,13,UD_Chinese-PUD,Chinese
n01086,69,62,1,21,11,UD_Chinese-PUD,Chinese
n01087,92,78,1,27,19,UD_Chinese-PUD,Chinese
n01088,18,17,1,3,5,UD_Chinese-PUD,Chinese
n01089,37,32,1,9,4,UD_Chinese-PUD,Chinese
n01090,35,33,1,19,1,UD_Chinese-PUD,Chinese
n01091,56,51,1,20,10,UD_Chinese-PUD,Chinese
n01092,78,69,1,20,17,UD_Chinese-PUD,Chinese
n01093,57,47,1,17,11,UD_Chinese-PUD,Chinese
n01094,41,38,1,11,11,UD_Chinese-PUD,Chinese
n01095,59,49,1,17,11,UD_Chinese-PUD,Chinese
n01096,62,54,1,20,8,UD_Chinese-PUD,Chinese
n01097,60,52,1,16,13,UD_Chinese-PUD,Chinese
n01098,58,53,1,16,5,UD_Chinese-PUD,Chinese
n01099,21,16,1,5,3,UD_Chinese-PUD,Chinese
n01101,97,82,1,27,18,UD_Chinese-PUD,Chinese
n01102,21,19,1,10,2,UD_Chinese-PUD,Chinese
n01103,18,18,1,5,4,UD_Chinese-PUD,Chinese
n01104,38,37,1,13,7,UD_Chinese-PUD,Chinese
n01105,60,54,1,15,14,UD_Chinese-PUD,Chinese
n01106,41,36,1,8,8,UD_Chinese-PUD,Chinese
n01107,70,61,1,20,12,UD_Chinese-PUD,Chinese
n01108,53,50,1,12,8,UD_Chinese-PUD,Chinese
n01109,58,51,1,13,10,UD_Chinese-PUD,Chinese
n01110,55,46,1,18,13,UD_Chinese-PUD,Chinese
n01111,54,49,1,17,8,UD_Chinese-PUD,Chinese
n01112,60,49,1,19,6,UD_Chinese-PUD,Chinese
n01113,17,15,1,2,3,UD_Chinese-PUD,Chinese
n01114,43,41,1,15,5,UD_Chinese-PUD,Chinese
n01115,41,40,1,10,10,UD_Chinese-PUD,Chinese
n01116,102,86,1,32,15,UD_Chinese-PUD,Chinese
n01117,34,33,1,11,7,UD_Chinese-PUD,Chinese
n01118,59,55,1,9,18,UD_Chinese-PUD,Chinese
n01119,75,64,1,23,12,UD_Chinese-PUD,Chinese
n01120,52,43,1,9,9,UD_Chinese-PUD,Chinese
n01121,41,40,1,11,9,UD_Chinese-PUD,Chinese
n01122,20,20,1,9,3,UD_Chinese-PUD,Chinese
n01123,51,43,1,19,9,UD_Chinese-PUD,Chinese
n01125,60,53,1,14,11,UD_Chinese-PUD,Chinese
n01127,61,56,1,20,8,UD_Chinese-PUD,Chinese
n01128,69,61,1,18,13,UD_Chinese-PUD,Chinese
n01129,73,65,1,25,9,UD_Chinese-PUD,Chinese
n01130,39,35,1,5,9,UD_Chinese-PUD,Chinese
n01131,42,40,1,14,7,UD_Chinese-PUD,Chinese
n01132,40,33,1,11,6,UD_Chinese-PUD,Chinese
n01133,31,29,1,10,8,UD_Chinese-PUD,Chinese
n01134,76,60,1,18,15,UD_Chinese-PUD,Chinese
n01135,24,22,1,11,3,UD_Chinese-PUD,Chinese
n01136,62,56,1,20,15,UD_Chinese-PUD,Chinese
n01137,39,33,1,12,6,UD_Chinese-PUD,Chinese
n01138,61,56,1,19,14,UD_Chinese-PUD,Chinese
n01139,61,55,1,23,12,UD_Chinese-PUD,Chinese
n01140,22,22,1,7,3,UD_Chinese-PUD,Chinese
n01141,73,62,1,20,15,UD_Chinese-PUD,Chinese
n01142,30,25,1,9,6,UD_Chinese-PUD,Chinese
n01143,40,37,1,10,10,UD_Chinese-PUD,Chinese
n01144,89,75,1,30,11,UD_Chinese-PUD,Chinese
n01145,98,82,1,31,18,UD_Chinese-PUD,Chinese
n01146,21,19,1,6,4,UD_Chinese-PUD,Chinese
n01147,57,49,1,11,13,UD_Chinese-PUD,Chinese
n01148,34,33,1,10,9,UD_Chinese-PUD,Chinese
n01149,52,48,1,16,9,UD_Chinese-PUD,Chinese
n01150,70,62,1,20,13,UD_Chinese-PUD,Chinese
n02002,20,19,1,7,3,UD_Chinese-PUD,Chinese
n02004,17,17,1,7,3,UD_Chinese-PUD,Chinese
n02006,17,17,1,4,5,UD_Chinese-PUD,Chinese
n02007,18,17,1,5,7,UD_Chinese-PUD,Chinese
n02011,35,29,1,8,8,UD_Chinese-PUD,Chinese
n02016,15,14,1,3,4,UD_Chinese-PUD,Chinese
n02017,15,15,1,7,2,UD_Chinese-PUD,Chinese
n02022,15,14,1,5,1,UD_Chinese-PUD,Chinese
n02024,17,17,1,3,4,UD_Chinese-PUD,Chinese
n02027,61,52,1,19,13,UD_Chinese-PUD,Chinese
n02030,20,19,1,6,5,UD_Chinese-PUD,Chinese
n02031,20,20,1,9,2,UD_Chinese-PUD,Chinese
n02032,19,18,1,3,4,UD_Chinese-PUD,Chinese
n02033,38,38,1,9,9,UD_Chinese-PUD,Chinese
n02034,21,19,1,2,4,UD_Chinese-PUD,Chinese
n02036,18,18,1,6,6,UD_Chinese-PUD,Chinese
n02038,20,20,1,4,3,UD_Chinese-PUD,Chinese
n02041,18,16,1,2,6,UD_Chinese-PUD,Chinese
n02042,54,47,1,20,11,UD_Chinese-PUD,Chinese
n02043,19,19,1,6,4,UD_Chinese-PUD,Chinese
n02044,33,30,1,12,9,UD_Chinese-PUD,Chinese
n02046,16,16,1,1,5,UD_Chinese-PUD,Chinese
n02048,17,17,1,6,6,UD_Chinese-PUD,Chinese
n02050,19,17,1,7,5,UD_Chinese-PUD,Chinese
n02052,20,20,1,6,5,UD_Chinese-PUD,Chinese
n02056,16,15,1,4,3,UD_Chinese-PUD,Chinese
n02058,17,17,1,5,3,UD_Chinese-PUD,Chinese
n02066,31,30,1,5,10,UD_Chinese-PUD,Chinese
n02068,31,29,1,7,8,UD_Chinese-PUD,Chinese
n02069,17,16,1,4,4,UD_Chinese-PUD,Chinese
n02073,21,20,1,8,3,UD_Chinese-PUD,Chinese
n02074,20,18,1,4,6,UD_Chinese-PUD,Chinese
n02075,21,18,1,4,1,UD_Chinese-PUD,Chinese
n02076,22,21,1,9,5,UD_Chinese-PUD,Chinese
n02078,43,41,1,17,7,UD_Chinese-PUD,Chinese
n02079,22,19,1,7,3,UD_Chinese-PUD,Chinese
n02081,20,19,1,9,1,UD_Chinese-PUD,Chinese
n02082,15,14,1,3,4,UD_Chinese-PUD,Chinese
n02083,15,15,1,3,4,UD_Chinese-PUD,Chinese
n03001,66,55,1,18,13,UD_Chinese-PUD,Chinese
n03002,38,37,1,10,8,UD_Chinese-PUD,Chinese
n03003,33,29,1,7,5,UD_Chinese-PUD,Chinese
n03004,18,17,1,4,4,UD_Chinese-PUD,Chinese
n03005,38,31,1,12,8,UD_Chinese-PUD,Chinese
n03006,85,77,1,25,9,UD_Chinese-PUD,Chinese
n03007,91,74,1,18,15,UD_Chinese-PUD,Chinese
n03008,19,17,1,3,3,UD_Chinese-PUD,Chinese
n03009,35,33,1,9,7,UD_Chinese-PUD,Chinese
n03010,27,23,1,9,1,UD_Chinese-PUD,Chinese
n04001,32,29,1,6,7,UD_Chinese-PUD,Chinese
n04002,66,59,1,27,13,UD_Chinese-PUD,Chinese
n04003,22,21,1,6,8,UD_Chinese-PUD,Chinese
n04005,37,34,1,11,8,UD_Chinese-PUD,Chinese
n04006,71,63,1,21,19,UD_Chinese-PUD,Chinese
n04007,66,59,1,27,7,UD_Chinese-PUD,Chinese
n04008,39,36,1,9,8,UD_Chinese-PUD,Chinese
n04009,42,41,1,14,9,UD_Chinese-PUD,Chinese
n04010,75,65,1,23,18,UD_Chinese-PUD,Chinese
n05001,33,30,1,9,7,UD_Chinese-PUD,Chinese
n05002,93,84,1,27,11,UD_Chinese-PUD,Chinese
n05003,75,70,1,24,17,UD_Chinese-PUD,Chinese
n05004,39,35,1,9,8,UD_Chinese-PUD,Chinese
n05005,36,30,1,13,3,UD_Chinese-PUD,Chinese
n05006,36,35,1,13,7,UD_Chinese-PUD,Chinese
n05007,44,42,1,10,11,UD_Chinese-PUD,Chinese
n05008,38,32,1,5,7,UD_Chinese-PUD,Chinese
n05009,38,33,1,9,4,UD_Chinese-PUD,Chinese
n05010,23,22,1,8,4,UD_Chinese-PUD,Chinese
w01001,16,15,1,4,2,UD_Chinese-PUD,Chinese
w01002,57,45,1,13,11,UD_Chinese-PUD,Chinese
w01003,62,57,1,14,14,UD_Chinese-PUD,Chinese
w01004,23,20,1,7,5,UD_Chinese-PUD,Chinese
w01005,100,88,1,30,16,UD_Chinese-PUD,Chinese
w01006,35,35,1,11,6,UD_Chinese-PUD,Chinese
w01007,67,63,1,17,13,UD_Chinese-PUD,Chinese
w01008,16,16,1,7,2,UD_Chinese-PUD,Chinese
w01009,67,59,1,13,18,UD_Chinese-PUD,Chinese
w01010,98,87,1,30,18,UD_Chinese-PUD,Chinese
w01012,20,19,1,6,9,UD_Chinese-PUD,Chinese
w01013,54,50,1,11,12,UD_Chinese-PUD,Chinese
w01014,16,16,1,4,2,UD_Chinese-PUD,Chinese
w01016,54,48,1,16,8,UD_Chinese-PUD,Chinese
w01017,47,40,1,15,9,UD_Chinese-PUD,Chinese
w01018,55,51,1,11,11,UD_Chinese-PUD,Chinese
w01019,35,34,1,13,8,UD_Chinese-PUD,Chinese
w01020,101,84,1,20,19,UD_Chinese-PUD,Chinese
w01022,60,51,1,14,15,UD_Chinese-PUD,Chinese
w01023,33,29,1,10,3,UD_Chinese-PUD,Chinese
w01025,80,68,1,25,18,UD_Chinese-PUD,Chinese
w01026,36,35,1,8,11,UD_Chinese-PUD,Chinese
w01027,61,53,1,18,10,UD_Chinese-PUD,Chinese
w01028,53,48,1,15,8,UD_Chinese-PUD,Chinese
w01029,51,45,1,15,9,UD_Chinese-PUD,Chinese
w01030,87,73,1,19,16,UD_Chinese-PUD,Chinese
w01031,51,45,1,22,7,UD_Chinese-PUD,Chinese
w01032,18,17,1,3,4,UD_Chinese-PUD,Chinese
w01033,83,65,1,22,19,UD_Chinese-PUD,Chinese
w01034,20,20,1,9,5,UD_Chinese-PUD,Chinese
w01035,86,70,1,25,14,UD_Chinese-PUD,Chinese
w01036,30,30,1,7,4,UD_Chinese-PUD,Chinese
w01037,34,29,1,12,3,UD_Chinese-PUD,Chinese
w01038,73,62,1,20,12,UD_Chinese-PUD,Chinese
w01039,60,53,1,14,16,UD_Chinese-PUD,Chinese
w01040,97,82,1,30,17,UD_Chinese-PUD,Chinese
w01041,19,16,1,8,4,UD_Chinese-PUD,Chinese
w01042,17,16,1,3,5,UD_Chinese-PUD,Chinese
w01043,33,30,1,12,8,UD_Chinese-PUD,Chinese
w01044,16,14,1,5,2,UD_Chinese-PUD,Chinese
w01045,83,70,1,24,14,UD_Chinese-PUD,Chinese
w01046,35,31,1,10,2,UD_Chinese-PUD,Chinese
w01047,84,72,1,20,15,UD_Chinese-PUD,Chinese
w01048,38,37,1,12,8,UD_Chinese-PUD,Chinese
w01049,63,54,1,20,11,UD_Chinese-PUD,Chinese
w01050,88,76,1,25,20,UD_Chinese-PUD,Chinese
w01051,34,31,1,10,3,UD_Chinese-PUD,Chinese
w01052,48,43,1,15,8,UD_Chinese-PUD,Chinese
w01053,89,80,1,25,22,UD_Chinese-PUD,Chinese
w01054,21,19,1,5,4,UD_Chinese-PUD,Chinese
w01056,22,19,1,9,3,UD_Chinese-PUD,Chinese
w01057,64,57,1,20,10,UD_Chinese-PUD,Chinese
w01058,43,37,1,13,6,UD_Chinese-PUD,Chinese
w01060,83,74,1,19,11,UD_Chinese-PUD,Chinese
w01061,14,14,1,5,3,UD_Chinese-PUD,Chinese
w01062,34,31,1,10,4,UD_Chinese-PUD,Chinese
w01063,19,19,1,6,6,UD_Chinese-PUD,Chinese
w01064,20,18,1,4,4,UD_Chinese-PUD,Chinese
w01065,93,75,1,23,21,UD_Chinese-PUD,Chinese
w01066,80,73,1,27,17,UD_Chinese-PUD,Chinese
w01067,55,44,1,22,6,UD_Chinese-PUD,Chinese
w01068,27,27,1,11,4,UD_Chinese-PUD,Chinese
w01069,72,61,1,20,12,UD_Chinese-PUD,Chinese
w01070,94,78,1,34,18,UD_Chinese-PUD,Chinese
w01071,31,30,1,6,10,UD_Chinese-PUD,Chinese
w01072,63,58,1,21,8,UD_Chinese-PUD,Chinese
w01073,106,89,1,35,13,UD_Chinese-PUD,Chinese
w01074,20,19,1,8,6,UD_Chinese-PUD,Chinese
w01075,80,71,1,21,13,UD_Chinese-PUD,Chinese
w01076,30,26,1,8,7,UD_Chinese-PUD,Chinese
w01078,16,16,1,8,1,UD_Chinese-PUD,Chinese
w01079,69,60,1,20,13,UD_Chinese-PUD,Chinese
w01080,102,87,1,26,23,UD_Chinese-PUD,Chinese
w01081,20,19,1,5,7,UD_Chinese-PUD,Chinese
w01082,22,19,1,5,6,UD_Chinese-PUD,Chinese
w01083,38,33,1,6,9,UD_Chinese-PUD,Chinese
w01084,37,32,1,14,6,UD_Chinese-PUD,Chinese
w01085,83,77,1,35,15,UD_Chinese-PUD,Chinese
w01086,26,22,1,5,3,UD_Chinese-PUD,Chinese
w01087,14,13,1,7,2,UD_Chinese-PUD,Chinese
w01088,17,16,1,4,3,UD_Chinese-PUD,Chinese
w01089,55,50,1,10,15,UD_Chinese-PUD,Chinese
w01091,38,36,1,10,13,UD_Chinese-PUD,Chinese
w01092,31,30,1,9,4,UD_Chinese-PUD,Chinese
w01093,16,16,1,6,3,UD_Chinese-PUD,Chinese
w01094,36,33,1,5,10,UD_Chinese-PUD,Chinese
w01095,95,82,1,30,11,UD_Chinese-PUD,Chinese
w01096,50,43,1,15,6,UD_Chinese-PUD,Chinese
w01097,36,34,1,12,8,UD_Chinese-PUD,Chinese
w01098,18,17,1,3,5,UD_Chinese-PUD,Chinese
w01099,38,35,1,9,15,UD_Chinese-PUD,Chinese
w01100,94,77,1,33,13,UD_Chinese-PUD,Chinese
w01101,51,41,1,13,12,UD_Chinese-PUD,Chinese
w01102,33,29,1,11,5,UD_Chinese-PUD,Chinese
w01103,16,16,1,4,3,UD_Chinese-PUD,Chinese
w01105,77,69,1,26,13,UD_Chinese-PUD,Chinese
w01106,45,40,1,12,9,UD_Chinese-PUD,Chinese
w01107,57,53,1,14,13,UD_Chinese-PUD,Chinese
w01108,37,34,1,9,9,UD_Chinese-PUD,Chinese
w01109,56,49,1,26,5,UD_Chinese-PUD,Chinese
w01111,57,53,1,16,15,UD_Chinese-PUD,Chinese
w01112,36,34,1,9,8,UD_Chinese-PUD,Chinese
w01113,69,55,1,15,20,UD_Chinese-PUD,Chinese
w01114,20,20,1,11,3,UD_Chinese-PUD,Chinese
w01115,84,73,1,22,22,UD_Chinese-PUD,Chinese
w01116,49,45,1,12,9,UD_Chinese-PUD,Chinese
w01117,54,48,1,15,7,UD_Chinese-PUD,Chinese
w01119,56,51,1,12,11,UD_Chinese-PUD,Chinese
w01121,20,20,1,4,3,UD_Chinese-PUD,Chinese
w01122,37,31,1,13,4,UD_Chinese-PUD,Chinese
w01124,35,31,1,5,6,UD_Chinese-PUD,Chinese
w01125,87,72,1,20,20,UD_Chinese-PUD,Chinese
w01127,30,26,1,8,6,UD_Chinese-PUD,Chinese
w01128,27,26,1,4,4,UD_Chinese-PUD,Chinese
w01129,55,48,1,21,9,UD_Chinese-PUD,Chinese
w01130,98,87,1,31,19,UD_Chinese-PUD,Chinese
w01131,41,35,1,6,9,UD_Chinese-PUD,Chinese
w01132,65,56,1,21,12,UD_Chinese-PUD,Chinese
w01133,39,37,1,16,4,UD_Chinese-PUD,Chinese
w01134,45,41,1,15,8,UD_Chinese-PUD,Chinese
w01135,84,71,1,28,17,UD_Chinese-PUD,Chinese
w01136,41,36,1,18,3,UD_Chinese-PUD,Chinese
w01137,49,46,1,11,11,UD_Chinese-PUD,Chinese
w01138,16,16,1,4,1,UD_Chinese-PUD,Chinese
w01139,36,33,1,13,7,UD_Chinese-PUD,Chinese
w01140,104,88,1,31,20,UD_Chinese-PUD,Chinese
w01141,54,50,1,23,8,UD_Chinese-PUD,Chinese
w01142,45,42,1,12,5,UD_Chinese-PUD,Chinese
w01143,39,35,1,10,7,UD_Chinese-PUD,Chinese
w01144,94,83,1,38,14,UD_Chinese-PUD,Chinese
w01146,33,29,1,7,7,UD_Chinese-PUD,Chinese
w01147,50,42,1,13,8,UD_Chinese-PUD,Chinese
w01148,18,18,1,4,4,UD_Chinese-PUD,Chinese
w01149,53,51,1,14,13,UD_Chinese-PUD,Chinese
w01150,89,76,1,28,19,UD_Chinese-PUD,Chinese
w02001,39,36,1,13,7,UD_Chinese-PUD,Chinese
w02002,52,46,1,14,10,UD_Chinese-PUD,Chinese
w02003,35,34,1,11,7,UD_Chinese-PUD,Chinese
w02004,52,44,1,14,9,UD_Chinese-PUD,Chinese
w02005,73,68,1,22,10,UD_Chinese-PUD,Chinese
w02006,42,37,1,12,3,UD_Chinese-PUD,Chinese
w02007,81,74,1,27,13,UD_Chinese-PUD,Chinese
w02008,99,83,1,27,16,UD_Chinese-PUD,Chinese
w02009,61,52,1,16,7,UD_Chinese-PUD,Chinese
w02011,33,29,1,9,5,UD_Chinese-PUD,Chinese
w02012,15,15,1,6,2,UD_Chinese-PUD,Chinese
w02013,72,66,1,24,15,UD_Chinese-PUD,Chinese
w02014,38,36,1,11,8,UD_Chinese-PUD,Chinese
w02015,96,76,1,29,17,UD_Chinese-PUD,Chinese
w02016,32,30,1,11,6,UD_Chinese-PUD,Chinese
w02017,32,31,1,9,5,UD_Chinese-PUD,Chinese
w02018,19,19,1,5,6,UD_Chinese-PUD,Chinese
w02019,59,54,1,19,8,UD_Chinese-PUD,Chinese
w03001,46,41,1,17,10,UD_Chinese-PUD,Chinese
w03002,45,42,1,13,7,UD_Chinese-PUD,Chinese
w03003,34,30,1,5,5,UD_Chinese-PUD,Chinese
w03004,33,32,1,11,6,UD_Chinese-PUD,Chinese
w03005,81,73,1,17,21,UD_Chinese-PUD,Chinese
w03006,19,18,1,5,4,UD_Chinese-PUD,Chinese
w03007,37,32,1,10,9,UD_Chinese-PUD,Chinese
w03008,34,31,1,13,6,UD_Chinese-PUD,Chinese
w03009,33,33,1,9,9,UD_Chinese-PUD,Chinese
w03010,97,82,1,18,16,UD_Chinese-PUD,Chinese
w04001,57,48,1,16,10,UD_Chinese-PUD,Chinese
w04002,55,45,1,16,13,UD_Chinese-PUD,Chinese
w04003,29,28,1,9,4,UD_Chinese-PUD,Chinese
w04004,61,55,1,14,12,UD_Chinese-PUD,Chinese
w04006,36,34,1,7,10,UD_Chinese-PUD,Chinese
w04007,80,71,1,26,16,UD_Chinese-PUD,Chinese
w04008,19,17,1,3,6,UD_Chinese-PUD,Chinese
w04009,19,18,1,7,3,UD_Chinese-PUD,Chinese
w04010,86,75,1,35,15,UD_Chinese-PUD,Chinese
w05001,57,53,1,17,7,UD_Chinese-PUD,Chinese
w05002,40,40,1,14,10,UD_Chinese-PUD,Chinese
w05003,60,55,1,14,15,UD_Chinese-PUD,Chinese
w05004,18,17,1,5,2,UD_Chinese-PUD,Chinese
w05005,83,76,1,25,13,UD_Chinese-PUD,Chinese
w05006,38,37,1,12,9,UD_Chinese-PUD,Chinese
w05007,43,37,1,15,8,UD_Chinese-PUD,Chinese
w05008,20,18,1,6,3,UD_Chinese-PUD,Chinese
w05009,21,20,1,7,5,UD_Chinese-PUD,Chinese
w05010,99,86,1,33,14,UD_Chinese-PUD,Chinese
n01001,49,42,1,12,7,UD_Hindi-PUD,Hindi
n01002,44,36,1,10,4,UD_Hindi-PUD,Hindi
n01003,46,43,1,9,7,UD_Hindi-PUD,Hindi
n01004,46,41,1,10,1,UD_Hindi-PUD,Hindi
n01005,52,50,1,14,5,UD_Hindi-PUD,Hindi
n01006,51,45,1,15,3,UD_Hindi-PUD,Hindi
n01007,56,52,1,19,4,UD_Hindi-PUD,Hindi
n01008,58,56,1,19,9,UD_Hindi-PUD,Hindi
n01009,59,50,1,13,6,UD_Hindi-PUD,Hindi
n01010,60,54,1,13,7,UD_Hindi-PUD,Hindi
n01011,58,52,1,17,7,UD_Hindi-PUD,Hindi
n01012,52,44,1,12,10,UD_Hindi-PUD,Hindi
n01013,50,40,1,13,3,UD_Hindi-PUD,Hindi
n01014,50,47,1,20,5,UD_Hindi-PUD,Hindi
n01015,50,44,1,12,6,UD_Hindi-PUD,Hindi
n01016,57,50,1,15,2,UD_Hindi-PUD,Hindi
n01017,59,54,1,21,3,UD_Hindi-PUD,Hindi
n01018,61,49,1,10,10,UD_Hindi-PUD,Hindi
n01019,57,47,1,14,6,UD_Hindi-PUD,Hindi
n01020,56,51,1,17,5,UD_Hindi-PUD,Hindi
n01021,58,46,1,9,6,UD_Hindi-PUD,Hindi
n01022,54,49,1,16,7,UD_Hindi-PUD,Hindi
n01023,48,38,1,12,6,UD_Hindi-PUD,Hindi
n01024,51,43,1,12,5,UD_Hindi-PUD,Hindi
n01025,53,47,1,8,7,UD_Hindi-PUD,Hindi
n01026,54,52,1,8,5,UD_Hindi-PUD,Hindi
n01027,53,45,1,16,6,UD_Hindi-PUD,Hindi
n01028,59,46,1,15,3,UD_Hindi-PUD,Hindi
n01029,59,48,1,14,4,UD_Hindi-PUD,Hindi
n01030,57,45,1,15,5,UD_Hindi-PUD,Hindi
n01031,53,47,1,11,6,UD_Hindi-PUD,Hindi
n01032,61,53,1,8,6,UD_Hindi-PUD,Hindi
n01033,52,48,1,18,2,UD_Hindi-PUD,Hindi
n01034,55,48,1,12,6,UD_Hindi-PUD,Hindi
n01035,53,52,1,13,4,UD_Hindi-PUD,Hindi
n01036,55,45,1,21,2,UD_Hindi-PUD,Hindi
n01037,52,39,1,8,4,UD_Hindi-PUD,Hindi
n01038,53,49,1,15,5,UD_Hindi-PUD,Hindi
n01039,57,53,1,20,4,UD_Hindi-PUD,Hindi
n01040,54,49,1,18,3,UD_Hindi-PUD,Hindi
n01041,56,48,1,14,4,UD_Hindi-PUD,Hindi
n01042,50,43,1,16,4,UD_Hindi-PUD,Hindi
n01043,55,42,1,11,6,UD_Hindi-PUD,Hindi
n01044,55,50,1,14,3,UD_Hindi-PUD,Hindi
n01045,59,48,1,10,9,UD_Hindi-PUD,Hindi
n01046,58,46,1,17,4,UD_Hindi-PUD,Hindi
n01047,57,50,1,14,4,UD_Hindi-PUD,Hindi
n01048,53,45,1,19,3,UD_Hindi-PUD,Hindi
n01049,55,47,1,13,6,UD_Hindi-PUD,Hindi
n01050,59,50,1,9,6,UD_Hindi-PUD,Hindi
n01051,51,47,1,14,5,UD_Hindi-PUD,Hindi
n01052,63,57,1,16,7,UD_Hindi-PUD,Hindi
n01053,59,48,1,11,3,UD_Hindi-PUD,Hindi
n01054,64,57,1,22,6,UD_Hindi-PUD,Hindi
n01055,58,45,1,14,9,UD_Hindi-PUD,Hindi
n01057,57,48,1,11,4,UD_Hindi-PUD,Hindi
n01058,57,48,1,17,4,UD_Hindi-PUD,Hindi
n01059,53,43,1,17,4,UD_Hindi-PUD,Hindi
n01060,52,44,1,14,5,UD_Hindi-PUD,Hindi
n01061,52,41,1,15,2,UD_Hindi-PUD,Hindi
n01062,54,47,1,22,6,UD_Hindi-PUD,Hindi
n01063,55,48,1,17,9,UD_Hindi-PUD,Hindi
n01064,51,44,1,14,8,UD_Hindi-PUD,Hindi
n01065,51,42,1,14,7,UD_Hindi-PUD,Hindi
n01066,49,45,1,12,6,UD_Hindi-PUD,Hindi
n01067,51,45,1,12,5,UD_Hindi-PUD,Hindi
n01068,51,46,1,15,7,UD_Hindi-PUD,Hindi
n01069,50,37,1,10,2,UD_Hindi-PUD,Hindi
n01070,58,50,1,24,4,UD_Hindi-PUD,Hindi
n01071,58,47,1,14,6,UD_Hindi-PUD,Hindi
n01072,59,53,1,17,6,UD_Hindi-PUD,Hindi
n01073,54,45,1,18,4,UD_Hindi-PUD,Hindi
n01074,58,50,1,12,5,UD_Hindi-PUD,Hindi
n01075,58,52,1,10,5,UD_Hindi-PUD,Hindi
n01076,53,45,1,14,3,UD_Hindi-PUD,Hindi
n01077,57,51,1,16,3,UD_Hindi-PUD,Hindi
n01078,59,50,1,21,4,UD_Hindi-PUD,Hindi
n01079,60,52,1,12,11,UD_Hindi-PUD,Hindi
n01080,58,51,1,15,4,UD_Hindi-PUD,Hindi
n01081,59,50,1,12,8,UD_Hindi-PUD,Hindi
n01082,57,50,1,20,2,UD_Hindi-PUD,Hindi
n01083,60,50,1,17,6,UD_Hindi-PUD,Hindi
n01084,61,58,1,13,9,UD_Hindi-PUD,Hindi
n01085,63,51,1,20,8,UD_Hindi-PUD,Hindi
n01086,56,42,1,5,7,UD_Hindi-PUD,Hindi
n01087,57,53,1,20,6,UD_Hindi-PUD,Hindi
n01088,52,42,1,10,5,UD_Hindi-PUD,Hindi
n01089,52,47,1,21,5,UD_Hindi-PUD,Hindi
n01090,51,43,1,13,8,UD_Hindi-PUD,Hindi
n01091,50,45,1,20,5,UD_Hindi-PUD,Hindi
n01092,52,44,1,10,8,UD_Hindi-PUD,Hindi
n01093,59,50,1,17,4,UD_Hindi-PUD,Hindi
n01094,56,48,1,15,8,UD_Hindi-PUD,Hindi
n01095,55,51,1,11,7,UD_Hindi-PUD,Hindi
n01096,56,51,1,22,4,UD_Hindi-PUD,Hindi
n01097,56,49,1,15,8,UD_Hindi-PUD,Hindi
n01098,54,47,1,16,5,UD_Hindi-PUD,Hindi
n01099,48,44,1,14,4,UD_Hindi-PUD,Hindi
n01101,51,46,1,11,6,UD_Hindi-PUD,Hindi
n01102,55,49,1,13,6,UD_Hindi-PUD,Hindi
n01103,52,44,1,7,4,UD_Hindi-PUD,Hindi
n01104,50,46,1,15,5,UD_Hindi-PUD,Hindi
n01105,54,47,1,14,5,UD_Hindi-PUD,Hindi
n01107,53,47,1,13,7,UD_Hindi-PUD,Hindi
n01108,52,47,1,12,5,UD_Hindi-PUD,Hindi
n01110,55,45,1,14,5,UD_Hindi-PUD,Hindi
n01111,53,43,1,11,6,UD_Hindi-PUD,Hindi
n01112,53,46,1,13,3,UD_Hindi-PUD,Hindi
n01114,56,46,1,11,11,UD_Hindi-PUD,Hindi
n01115,54,50,1,13,5,UD_Hindi-PUD,Hindi
n01117,58,53,1,19,3,UD_Hindi-PUD,Hindi
n01118,52,44,1,9,6,UD_Hindi-PUD,Hindi
n01119,57,53,1,16,6,UD_Hindi-PUD,Hindi
n01120,52,47,1,10,3,UD_Hindi-PUD,Hindi
n01121,53,47,1,14,5,UD_Hindi-PUD,Hindi
n01122,51,45,1,11,4,UD_Hindi-PUD,Hindi
n01123,49,41,1,11,5,UD_Hindi-PUD,Hindi
n01125,53,50,1,23,4,UD_Hindi-PUD,Hindi
n01127,57,43,1,16,8,UD_Hindi-PUD,Hindi
n01128,54,50,1,13,5,UD_Hindi-PUD,Hindi
n01129,57,43,1,12,7,UD_Hindi-PUD,Hindi
n01130,55,52,1,15,5,UD_Hindi-PUD,Hindi
n01131,48,44,1,13,5,UD_Hindi-PUD,Hindi
n01132,50,46,1,15,4,UD_Hindi-PUD,Hindi
n01133,50,42,1,13,6,UD_Hindi-PUD,Hindi
n01134,50,48,1,13,5,UD_Hindi-PUD,Hindi
n01135,56,48,1,7,4,UD_Hindi-PUD,Hindi
n01136,57,49,1,16,3,UD_Hindi-PUD,Hindi
n01137,53,51,1,20,4,UD_Hindi-PUD,Hindi
n01138,53,42,1,15,9,UD_Hindi-PUD,Hindi
n01139,49,45,1,12,5,UD_Hindi-PUD,Hindi
n01140,57,49,1,14,2,UD_Hindi-PUD,Hindi
n01141,57,52,1,16,8,UD_Hindi-PUD,Hindi
n01142,56,50,1,16,4,UD_Hindi-PUD,Hindi
n01143,62,54,1,17,4,UD_Hindi-PUD,Hindi
n01144,59,49,1,17,5,UD_Hindi-PUD,Hindi
n01145,56,49,1,21,6,UD_Hindi-PUD,Hindi
n01146,49,45,1,12,5,UD_Hindi-PUD,Hindi
n01147,55,46,1,9,4,UD_Hindi-PUD,Hindi
n01148,53,51,1,15,2,UD_Hindi-PUD,Hindi
n01149,53,46,1,15,7,UD_Hindi-PUD,Hindi
n01150,57,51,1,17,5,UD_Hindi-PUD,Hindi
n02002,53,46,1,9,8,UD_Hindi-PUD,Hindi
n02004,49,42,1,17,1,UD_Hindi-PUD,Hindi
n02006,46,45,1,13,5,UD_Hindi-PUD,Hindi
n02007,55,49,1,13,5,UD_Hindi-PUD,Hindi
n02011,56,48,1,20,2,UD_Hindi-PUD,Hindi
n02016,58,48,1,13,6,UD_Hindi-PUD,Hindi
n02017,58,53,1,22,1,UD_Hindi-PUD,Hindi
n02022,64,53,1,17,5,UD_Hindi-PUD,Hindi
n02024,57,50,1,17,6,UD_Hindi-PUD,Hindi
n02027,60,46,1,11,8,UD_Hindi-PUD,Hindi
n02030,58,46,1,11,5,UD_Hindi-PUD,Hindi
n02031,56,54,1,17,4,UD_Hindi-PUD,Hindi
n02032,57,48,1,10,5,UD_Hindi-PUD,Hindi
n02033,58,51,1,14,4,UD_Hindi-PUD,Hindi
n02034,57,44,1,10,6,UD_Hindi-PUD,Hindi
n02036,52,47,1,25,3,UD_Hindi-PUD,Hindi
n02038,54,45,1,13,11,UD_Hindi-PUD,Hindi
n02040,53,50,1,12,6,UD_Hindi-PUD,Hindi
n02041,57,48,1,13,4,UD_Hindi-PUD,Hindi
n02042,54,49,1,19,5,UD_Hindi-PUD,Hindi
n02043,55,45,1,11,7,UD_Hindi-PUD,Hindi
n02044,53,46,1,10,8,UD_Hindi-PUD,Hindi
n02046,47,40,1,14,3,UD_Hindi-PUD,Hindi
n02048,47,44,1,14,4,UD_Hindi-PUD,Hindi
n02050,51,42,1,12,4,UD_Hindi-PUD,Hindi
n02052,50,45,1,13,7,UD_Hindi-PUD,Hindi
n02056,52,45,1,10,3,UD_Hindi-PUD,Hindi
n02058,53,51,1,16,6,UD_Hindi-PUD,Hindi
n02066,54,46,1,8,8,UD_Hindi-PUD,Hindi
n02068,54,47,1,14,9,UD_Hindi-PUD,Hindi
n02069,52,46,1,14,6,UD_Hindi-PUD,Hindi
n02073,47,35,1,11,1,UD_Hindi-PUD,Hindi
n02074,55,52,1,14,4,UD_Hindi-PUD,Hindi
n02075,57,45,1,14,3,UD_Hindi-PUD,Hindi
n02076,54,49,1,19,2,UD_Hindi-PUD,Hindi
n02078,57,48,1,15,5,UD_Hindi-PUD,Hindi
n02079,59,54,1,16,6,UD_Hindi-PUD,Hindi
n02081,55,47,1,12,4,UD_Hindi-PUD,Hindi
n02082,57,52,1,13,7,UD_Hindi-PUD,Hindi
n02083,56,47,1,13,5,UD_Hindi-PUD,Hindi
n03001,53,45,1,11,11,UD_Hindi-PUD,Hindi
n03002,52,44,1,13,1,UD_Hindi-PUD,Hindi
n03003,45,40,1,13,5,UD_Hindi-PUD,Hindi
n03004,49,41,1,14,3,UD_Hindi-PUD,Hindi
n03005,51,46,1,17,5,UD_Hindi-PUD,Hindi
n03006,53,44,1,10,3,UD_Hindi-PUD,Hindi
n03007,50,42,1,11,3,UD_Hindi-PUD,Hindi
n03008,50,44,1,12,6,UD_Hindi-PUD,Hindi
n03009,56,49,1,18,7,UD_Hindi-PUD,Hindi
n03010,59,52,1,21,7,UD_Hindi-PUD,Hindi
n04001,57,49,1,14,7,UD_Hindi-PUD,Hindi
n04002,59,51,1,12,7,UD_Hindi-PUD,Hindi
n04003,56,50,1,13,5,UD_Hindi-PUD,Hindi
n04005,54,44,1,12,4,UD_Hindi-PUD,Hindi
n04006,50,45,1,17,5,UD_Hindi-PUD,Hindi
n04007,56,51,1,10,5,UD_Hindi-PUD,Hindi
n04008,52,46,1,15,4,UD_Hindi-PUD,Hindi
n04009,54,47,1,13,3,UD_Hindi-PUD,Hindi
n04010,61,54,1,18,9,UD_Hindi-PUD,Hindi
n05001,58,50,1,13,9,UD_Hindi-PUD,Hindi
n05002,55,48,1,13,3,UD_Hindi-PUD,Hindi
n05003,57,50,1,13,4,UD_Hindi-PUD,Hindi
n05004,57,46,1,12,5,UD_Hindi-PUD,Hindi
n05005,57,52,1,15,3,UD_Hindi-PUD,Hindi
n05006,54,49,1,18,5,UD_Hindi-PUD,Hindi
n05007,53,42,1,12,7,UD_Hindi-PUD,Hindi
n05008,52,43,1,15,6,UD_Hindi-PUD,Hindi
n05009,46,38,1,9,6,UD_Hindi-PUD,Hindi
n05010,43,40,1,11,3,UD_Hindi-PUD,Hindi
w01001,57,46,1,12,6,UD_Hindi-PUD,Hindi
w01002,54,47,1,15,2,UD_Hindi-PUD,Hindi
w01003,53,44,1,14,5,UD_Hindi-PUD,Hindi
w01004,54,48,1,16,5,UD_Hindi-PUD,Hindi
w01005,54,47,1,16,8,UD_Hindi-PUD,Hindi
w01006,51,38,1,13,4,UD_Hindi-PUD,Hindi
w01007,54,48,1,15,5,UD_Hindi-PUD,Hindi
w01008,55,47,1,10,8,UD_Hindi-PUD,Hindi
w01009,53,47,1,15,4,UD_Hindi-PUD,Hindi
w01010,52,43,1,10,5,UD_Hindi-PUD,Hindi
w01012,57,52,1,16,7,UD_Hindi-PUD,Hindi
w01013,55,46,1,13,8,UD_Hindi-PUD,Hindi
w01014,49,43,1,16,2,UD_Hindi-PUD,Hindi
w01016,53,46,1,19,5,UD_Hindi-PUD,Hindi
w01017,52,42,1,15,9,UD_Hindi-PUD,Hindi
w01018,48,41,1,11,4,UD_Hindi-PUD,Hindi
w01019,53,48,1,14,7,UD_Hindi-PUD,Hindi
w01020,51,44,1,14,6,UD_Hindi-PUD,Hindi
w01022,59,54,1,15,4,UD_Hindi-PUD,Hindi
w01023,52,45,1,15,6,UD_Hindi-PUD,Hindi
w01025,57,50,1,18,5,UD_Hindi-PUD,Hindi
w01026,55,46,1,14,5,UD_Hindi-PUD,Hindi
w01027,56,47,1,21,3,UD_Hindi-PUD,Hindi
w01028,50,44,1,8,6,UD_Hindi-PUD,Hindi
w01029,48,42,1,11,4,UD_Hindi-PUD,Hindi
w01030,49,47,1,19,2,UD_Hindi-PUD,Hindi
w01031,49,43,1,15,3,UD_Hindi-PUD,Hindi
w01032,50,38,1,14,2,UD_Hindi-PUD,Hindi
w01033,53,45,1,18,3,UD_Hindi-PUD,Hindi
w01034,59,54,1,20,7,UD_Hindi-PUD,Hindi
w01035,57,48,1,13,7,UD_Hindi-PUD,Hindi
w01036,59,46,1,13,3,UD_Hindi-PUD,Hindi
w01037,56,49,1,14,8,UD_Hindi-PUD,Hindi
w01038,59,52,1,19,9,UD_Hindi-PUD,Hindi
w01039,58,51,1,16,7,UD_Hindi-PUD,Hindi
w01040,63,51,1,13,4,UD_Hindi-PUD,Hindi
w01041,56,48,1,14,5,UD_Hindi-PUD,Hindi
w01042,60,55,1,17,8,UD_Hindi-PUD,Hindi
w01043,58,51,1,13,3,UD_Hindi-PUD,Hindi
w01044,55,51,1,10,7,UD_Hindi-PUD,Hindi
w01045,54,51,1,19,6,UD_Hindi-PUD,Hindi
w01046,55,47,1,15,7,UD_Hindi-PUD,Hindi
w01047,55,45,1,14,5,UD_Hindi-PUD,Hindi
w01048,51,43,1,14,5,UD_Hindi-PUD,Hindi
w01049,50,44,1,13,6,UD_Hindi-PUD,Hindi
w01050,53,44,1,13,3,UD_Hindi-PUD,Hindi
w01051,52,47,1,14,6,UD_Hindi-PUD,Hindi
w01052,51,46,1,10,3,UD_Hindi-PUD,Hindi
w01053,54,50,1,18,7,UD_Hindi-PUD,Hindi
w01054,55,50,1,16,3,UD_Hindi-PUD,Hindi
w01056,55,43,1,17,5,UD_Hindi-PUD,Hindi
w01057,54,48,1,11,6,UD_Hindi-PUD,Hindi
w01058,58,54,1,19,5,UD_Hindi-PUD,Hindi
w01060,54,46,1,16,5,UD_Hindi-PUD,Hindi
w01061,56,45,1,9,7,UD_Hindi-PUD,Hindi
w01062,60,51,1,17,9,UD_Hindi-PUD,Hindi
w01063,57,49,1,10,3,UD_Hindi-PUD,Hindi
w01064,56,49,1,21,3,UD_Hindi-PUD,Hindi
w01065,58,49,1,15,6,UD_Hindi-PUD,Hindi
w01066,56,48,1,16,7,UD_Hindi-PUD,Hindi
w01067,58,52,1,12,6,UD_Hindi-PUD,Hindi
w01068,54,45,1,15,1,UD_Hindi-PUD,Hindi
w01069,52,45,1,12,5,UD_Hindi-PUD,Hindi
w01070,51,46,1,11,3,UD_Hindi-PUD,Hindi
w01071,47,41,1,11,6,UD_Hindi-PUD,Hindi
w01072,50,43,1,13,4,UD_Hindi-PUD,Hindi
w01073,49,43,1,14,4,UD_Hindi-PUD,Hindi
w01074,55,49,1,10,4,UD_Hindi-PUD,Hindi
w01075,53,43,1,11,3,UD_Hindi-PUD,Hindi
w01076,59,52,1,16,6,UD_Hindi-PUD,Hindi
w01078,57,51,1,20,2,UD_Hindi-PUD,Hindi
w01079,52,48,1,15,12,UD_Hindi-PUD,Hindi
w01080,53,46,1,14,5,UD_Hindi-PUD,Hindi
w01081,55,46,1,12,1,UD_Hindi-PUD,Hindi
w01082,52,48,1,15,6,UD_Hindi-PUD,Hindi
w01083,51,43,1,11,10,UD_Hindi-PUD,Hindi
w01084,52,48,1,14,1,UD_Hindi-PUD,Hindi
w01085,56,48,1,18,4,UD_Hindi-PUD,Hindi
w01086,55,48,1,9,4,UD_Hindi-PUD,Hindi
w01087,60,52,1,17,7,UD_Hindi-PUD,Hindi
w01088,57,48,1,15,3,UD_Hindi-PUD,Hindi
w01089,55,48,1,10,3,UD_Hindi-PUD,Hindi
w01091,56,52,1,16,5,UD_Hindi-PUD,Hindi
w01092,54,49,1,18,4,UD_Hindi-PUD,Hindi
w01093,53,43,1,14,5,UD_Hindi-PUD,Hindi
w01094,51,45,1,16,7,UD_Hindi-PUD,Hindi
w01095,52,46,1,12,8,UD_Hindi-PUD,Hindi
w01096,56,45,1,10,5,UD_Hindi-PUD,Hindi
w01097,53,51,1,17,2,UD_Hindi-PUD,Hindi
w01098,55,53,1,13,4,UD_Hindi-PUD,Hindi
w01099,50,41,1,13,3,UD_Hindi-PUD,Hindi
w01100,52,47,1,15,9,UD_Hindi-PUD,Hindi
w01101,52,49,1,14,4,UD_Hindi-PUD,Hindi
w01102,54,45,1,16,4,UD_Hindi-PUD,Hindi
w01103,53,45,1,9,5,UD_Hindi-PUD,Hindi
w01105,57,51,1,19,4,UD_Hindi-PUD,Hindi
w01106,61,53,1,9,4,UD_Hindi-PUD,Hindi
w01107,64,55,1,17,5,UD_Hindi-PUD,Hindi
w01108,56,45,1,9,8,UD_Hindi-PUD,Hindi
w01109,55,44,1,12,8,UD_Hindi-PUD,Hindi
w01111,52,49,1,21,4,UD_Hindi-PUD,Hindi
w01112,52,45,1,8,6,UD_Hindi-PUD,Hindi
w01113,51,45,1,17,7,UD_Hindi-PUD,Hindi
w01114,55,45,1,10,8,UD_Hindi-PUD,Hindi
w01115,55,42,1,15,4,UD_Hindi-PUD,Hindi
w01116,56,52,1,17,4,UD_Hindi-PUD,Hindi
w01117,60,51,1,11,4,UD_Hindi-PUD,Hindi
w01119,58,48,1,17,5,UD_Hindi-PUD,Hindi
w01121,55,50,1,20,6,UD_Hindi-PUD,Hindi
w01122,58,46,1,9,6,UD_Hindi-PUD,Hindi
w01124,59,54,1,22,4,UD_Hindi-PUD,Hindi
w01125,58,50,1,18,10,UD_Hindi-PUD,Hindi
w01127,52,43,1,12,10,UD_Hindi-PUD,Hindi
w01128,52,48,1,14,7,UD_Hindi-PUD,Hindi
w01129,51,38,1,12,4,UD_Hindi-PUD,Hindi
w01130,45,39,1,9,7,UD_Hindi-PUD,Hindi
w01131,49,44,1,17,3,UD_Hindi-PUD,Hindi
w01132,51,42,1,12,3,UD_Hindi-PUD,Hindi
w01133,54,48,1,15,6,UD_Hindi-PUD,Hindi
w01134,56,44,1,14,5,UD_Hindi-PUD,Hindi
w01135,60,50,1,14,3,UD_Hindi-PUD,Hindi
w01136,58,55,1,18,4,UD_Hindi-PUD,Hindi
w01137,60,50,1,13,12,UD_Hindi-PUD,Hindi
w01138,56,48,1,12,6,UD_Hindi-PUD,Hindi
w01139,55,46,1,13,4,UD_Hindi-PUD,Hindi
w01140,49,45,1,10,7,UD_Hindi-PUD,Hindi
w01141,49,48,1,11,4,UD_Hindi-PUD,Hindi
w01142,51,48,1,15,6,UD_Hindi-PUD,Hindi
w01143,49,42,1,8,2,UD_Hindi-PUD,Hindi
w01144,55,49,1,12,6,UD_Hindi-PUD,Hindi
w01146,54,47,1,17,3,UD_Hindi-PUD,Hindi
w01147,56,45,1,16,5,UD_Hindi-PUD,Hindi
w01148,54,48,1,16,8,UD_Hindi-PUD,Hindi
w01149,51,43,1,19,2,UD_Hindi-PUD,Hindi
w01150,52,45,1,12,4,UD_Hindi-PUD,Hindi
w02001,44,41,1,10,5,UD_Hindi-PUD,Hindi
w02002,47,44,1,12,7,UD_Hindi-PUD,Hindi
w02003,45,41,1,10,1,UD_Hindi-PUD,Hindi
w02004,51,42,1,9,2,UD_Hindi-PUD,Hindi
w02005,56,49,1,15,1,UD_Hindi-PUD,Hindi
w02006,56,50,1,15,5,UD_Hindi-PUD,Hindi
w02007,53,46,1,13,5,UD_Hindi-PUD,Hindi
w02008,57,51,1,18,2,UD_Hindi-PUD,Hindi
w02009,60,54,1,16,8,UD_Hindi-PUD,Hindi
w02011,63,55,1,12,7,UD_Hindi-PUD,Hindi
w02012,55,53,1,21,5,UD_Hindi-PUD,Hindi
w02013,58,51,1,17,4,UD_Hindi-PUD,Hindi
w02014,63,54,1,13,5,UD_Hindi-PUD,Hindi
w02015,57,50,1,21,2,UD_Hindi-PUD,Hindi
w02016,59,49,1,13,6,UD_Hindi-PUD,Hindi
w02017,54,49,1,14,8,UD_Hindi-PUD,Hindi
w02018,47,42,1,9,4,UD_Hindi-PUD,Hindi
w02019,44,39,1,13,4,UD_Hindi-PUD,Hindi
w03001,46,40,1,14,3,UD_Hindi-PUD,Hindi
w03002,55,47,1,14,4,UD_Hindi-PUD,Hindi
w03003,57,52,1,18,8,UD_Hindi-PUD,Hindi
w03004,57,49,1,13,8,UD_Hindi-PUD,Hindi
w03005,51,45,1,13,7,UD_Hindi-PUD,Hindi
w03006,55,45,1,10,9,UD_Hindi-PUD,Hindi
w03007,50,42,1,11,1,UD_Hindi-PUD,Hindi
w03008,49,41,1,15,2,UD_Hindi-PUD,Hindi
w03009,48,45,1,16,5,UD_Hindi-PUD,Hindi
w03010,54,48,1,16,5,UD_Hindi-PUD,Hindi
w04001,49,44,1,16,8,UD_Hindi-PUD,Hindi
w04002,53,47,1,7,11,UD_Hindi-PUD,Hindi
w04003,52,45,1,14,2,UD_Hindi-PUD,Hindi
w04004,51,49,1,14,6,UD_Hindi-PUD,Hindi
w04006,52,47,1,12,4,UD_Hindi-PUD,Hindi
w04007,50,46,1,16,2,UD_Hindi-PUD,Hindi
w04008,52,40,1,7,6,UD_Hindi-PUD,Hindi
w04009,54,50,1,19,7,UD_Hindi-PUD,Hindi
w04010,60,51,1,13,5,UD_Hindi-PUD,Hindi
w05001,57,47,1,16,6,UD_Hindi-PUD,Hindi
w05002,62,54,1,14,4,UD_Hindi-PUD,Hindi
w05003,59,51,1,10,5,UD_Hindi-PUD,Hindi
w05004,56,49,1,15,8,UD_Hindi-PUD,Hindi
w05005,59,48,1,16,3,UD_Hindi-PUD,Hindi
w05006,57,48,1,17,7,UD_Hindi-PUD,Hindi
w05007,57,50,1,15,5,UD_Hindi-PUD,Hindi
w05008,50,44,1,7,6,UD_Hindi-PUD,Hindi
w05009,56,50,1,15,4,UD_Hindi-PUD,Hindi
w05010,47,42,1,9,8,UD_Hindi-PUD,Hindi
n01001,69,55,55,22,8,UD_Japanese-PUD,Japanese
n01002,70,47,45,21,8,UD_Japanese-PUD,Japanese
n01003,69,51,50,17,9,UD_Japanese-PUD,Japanese
n01004,62,48,46,13,7,UD_Japanese-PUD,Japanese
n01005,59,49,48,21,2,UD_Japanese-PUD,Japanese
n01006,62,50,50,18,5,UD_Japanese-PUD,Japanese
n01007,67,53,53,26,4,UD_Japanese-PUD,Japanese
n01008,65,52,50,22,5,UD_Japanese-PUD,Japanese
n01009,68,56,55,21,7,UD_Japanese-PUD,Japanese
n01010,71,50,46,14,6,UD_Japanese-PUD,Japanese
n01011,69,53,52,17,11,UD_Japanese-PUD,Japanese
n01012,72,56,54,25,4,UD_Japanese-PUD,Japanese
n01013,72,57,56,22,8,UD_Japanese-PUD,Japanese
n01014,70,47,47,19,6,UD_Japanese-PUD,Japanese
n01015,66,51,51,26,9,UD_Japanese-PUD,Japanese
n01016,70,44,43,15,5,UD_Japanese-PUD,Japanese
n01017,67,59,55,21,9,UD_Japanese-PUD,Japanese
n01018,64,51,48,12,7,UD_Japanese-PUD,Japanese
n01019,61,50,48,16,7,UD_Japanese-PUD,Japanese
n01020,61,51,50,20,6,UD_Japanese-PUD,Japanese
n01021,58,44,43,15,3,UD_Japanese-PUD,Japanese
n01022,55,38,38,13,6,UD_Japanese-PUD,Japanese
n01023,67,53,53,18,7,UD_Japanese-PUD,Japanese
n01024,64,51,49,19,13,UD_Japanese-PUD,Japanese
n01025,68,47,46,13,7,UD_Japanese-PUD,Japanese
n01026,71,56,56,22,6,UD_Japanese-PUD,Japanese
n01027,64,47,46,18,8,UD_Japanese-PUD,Japanese
n01028,62,48,47,13,7,UD_Japanese-PUD,Japanese
n01029,62,49,44,12,6,UD_Japanese-PUD,Japanese
n01030,64,51,50,16,6,UD_Japanese-PUD,Japanese
n01031,63,50,49,24,4,UD_Japanese-PUD,Japanese
n01032,69,43,44,21,5,UD_Japanese-PUD,Japanese
n01033,71,53,51,16,12,UD_Japanese-PUD,Japanese
n01034,69,54,54,22,4,UD_Japanese-PUD,Japanese
n01035,70,52,52,20,9,UD_Japanese-PUD,Japanese
n01036,69,48,47,14,7,UD_Japanese-PUD,Japanese
n01037,66,48,45,22,5,UD_Japanese-PUD,Japanese
n01038,65,49,49,19,4,UD_Japanese-PUD,Japanese
n01039,62,44,42,19,6,UD_Japanese-PUD,Japanese
n01040,61,54,53,17,7,UD_Japanese-PUD,Japanese
n01041,66,49,47,20,4,UD_Japanese-PUD,Japanese
n01042,64,53,52,20,5,UD_Japanese-PUD,Japanese
n01043,65,48,48,16,8,UD_Japanese-PUD,Japanese
n01044,68,50,48,21,6,UD_Japanese-PUD,Japanese
n01045,65,47,44,20,4,UD_Japanese-PUD,Japanese
n01046,66,47,47,19,5,UD_Japanese-PUD,Japanese
n01047,64,47,47,18,6,UD_Japanese-PUD,Japanese
n01048,61,46,46,17,9,UD_Japanese-PUD,Japanese
n01049,62,48,46,17,7,UD_Japanese-PUD,Japanese
n01050,63,40,39,15,4,UD_Japanese-PUD,Japanese
n01051,59,47,45,16,10,UD_Japanese-PUD,Japanese
n01052,60,50,47,21,9,UD_Japanese-PUD,Japanese
n01053,64,47,46,14,8,UD_Japanese-PUD,Japanese
n01054,61,46,45,16,8,UD_Japanese-PUD,Japanese
n01055,57,46,44,17,7,UD_Japanese-PUD,Japanese
n01057,57,41,39,17,3,UD_Japanese-PUD,Japanese
n01058,59,53,51,23,5,UD_Japanese-PUD,Japanese
n01059,66,51,49,19,3,UD_Japanese-PUD,Japanese
n01060,60,46,46,23,4,UD_Japanese-PUD,Japanese
n01061,66,48,46,23,6,UD_Japanese-PUD,Japanese
n01062,69,59,58,27,7,UD_Japanese-PUD,Japanese
n01063,63,45,43,17,4,UD_Japanese-PUD,Japanese
n01064,66,51,49,23,8,UD_Japanese-PUD,Japanese
n01065,71,53,50,17,9,UD_Japanese-PUD,Japanese
n01066,73,59,59,27,8,UD_Japanese-PUD,Japanese
n01067,71,46,45,19,7,UD_Japanese-PUD,Japanese
n01068,73,54,52,22,7,UD_Japanese-PUD,Japanese
n01069,64,50,45,21,4,UD_Japanese-PUD,Japanese
n01070,66,58,56,25,6,UD_Japanese-PUD,Japanese
n01071,63,45,43,20,2,UD_Japanese-PUD,Japanese
n01072,62,47,47,21,11,UD_Japanese-PUD,Japanese
n01073,64,50,50,13,9,UD_Japanese-PUD,Japanese
n01074,66,48,48,19,8,UD_Japanese-PUD,Japanese
n01075,62,45,43,20,6,UD_Japanese-PUD,Japanese
n01076,59,47,47,14,12,UD_Japanese-PUD,Japanese
n01077,62,45,44,17,3,UD_Japanese-PUD,Japanese
n01078,66,51,50,22,9,UD_Japanese-PUD,Japanese
n01079,65,43,41,15,5,UD_Japanese-PUD,Japanese
n01080,63,45,45,14,7,UD_Japanese-PUD,Japanese
n01081,62,51,52,18,5,UD_Japanese-PUD,Japanese
n01082,63,49,48,11,11,UD_Japanese-PUD,Japanese
n01083,64,50,48,18,7,UD_Japanese-PUD,Japanese
n01084,59,40,36,14,5,UD_Japanese-PUD,Japanese
n01085,60,48,48,20,6,UD_Japanese-PUD,Japanese
n01086,62,45,44,18,4,UD_Japanese-PUD,Japanese
n01087,66,51,51,18,4,UD_Japanese-PUD,Japanese
n01088,60,47,46,23,2,UD_Japanese-PUD,Japanese
n01089,62,48,49,18,7,UD_Japanese-PUD,Japanese
n01090,66,58,57,26,8,UD_Japanese-PUD,Japanese
n01091,66,46,44,19,3,UD_Japanese-PUD,Japanese
n01092,62,53,53,21,9,UD_Japanese-PUD,Japanese
n01093,66,49,48,18,3,UD_Japanese-PUD,Japanese
n01094,68,50,48,15,8,UD_Japanese-PUD,Japanese
n01095,70,52,50,17,5,UD_Japanese-PUD,Japanese
n01096,68,48,47,18,5,UD_Japanese-PUD,Japanese
n01097,69,53,52,22,4,UD_Japanese-PUD,Japanese
n01098,69,47,46,20,11,UD_Japanese-PUD,Japanese
n01099,68,54,53,23,5,UD_Japanese-PUD,Japanese
n01101,70,49,48,20,7,UD_Japanese-PUD,Japanese
n01102,58,40,40,19,5,UD_Japanese-PUD,Japanese
n01103,62,50,49,26,3,UD_Japanese-PUD,Japanese
n01104,65,46,47,18,5,UD_Japanese-PUD,Japanese
n01105,64,54,54,18,12,UD_Japanese-PUD,Japanese
n01106,70,47,45,18,3,UD_Japanese-PUD,Japanese
n01107,72,53,53,23,6,UD_Japanese-PUD,Japanese
n01108,71,45,42,21,5,UD_Japanese-PUD,Japanese
n01109,67,50,49,17,12,UD_Japanese-PUD,Japanese
n01110,64,48,45,16,8,UD_Japanese-PUD,Japanese
n01111,58,44,43,17,2,UD_Japanese-PUD,Japanese
n01112,58,47,47,15,5,UD_Japanese-PUD,Japanese
n01113,61,48,45,20,4,UD_Japanese-PUD,Japanese
n01114,62,49,48,22,4,UD_Japanese-PUD,Japanese
n01115,62,47,46,20,4,UD_Japanese-PUD,Japanese
n01116,71,55,51,21,8,UD_Japanese-PUD,Japanese
n01117,71,59,59,26,8,UD_Japanese-PUD,Japanese
n01118,72,49,45,8,7,UD_Japanese-PUD,Japanese
n01119,68,54,52,22,8,UD_Japanese-PUD,Japanese
n01120,64,47,44,17,4,UD_Japanese-PUD,Japanese
n01121,68,56,55,18,10,UD_Japanese-PUD,Japanese
n01122,62,40,38,14,7,UD_Japanese-PUD,Japanese
n01123,61,48,46,13,5,UD_Japanese-PUD,Japanese
n01125,57,44,41,15,7,UD_Japanese-PUD,Japanese
n01127,63,45,45,20,4,UD_Japanese-PUD,Japanese
n01128,64,50,49,21,7,UD_Japanese-PUD,Japanese
n01129,69,49,49,12,6,UD_Japanese-PUD,Japanese
n01130,66,51,46,19,10,UD_Japanese-PUD,Japanese
n01131,67,51,51,16,5,UD_Japanese-PUD,Japanese
n01132,65,47,45,18,7,UD_Japanese-PUD,Japanese
n01133,65,51,50,22,10,UD_Japanese-PUD,Japanese
n01134,62,46,44,15,9,UD_Japanese-PUD,Japanese
n01135,63,51,48,15,6,UD_Japanese-PUD,Japanese
n01136,64,53,52,18,4,UD_Japanese-PUD,Japanese
n01137,69,47,45,21,5,UD_Japanese-PUD,Japanese
n01138,64,49,50,18,6,UD_Japanese-PUD,Japanese
n01139,65,48,46,18,8,UD_Japanese-PUD,Japanese
n01140,63,44,43,14,7,UD_Japanese-PUD,Japanese
n01141,66,52,51,22,6,UD_Japanese-PUD,Japanese
n01142,62,40,40,11,4,UD_Japanese-PUD,Japanese
n01143,67,60,58,24,12,UD_Japanese-PUD,Japanese
n01144,66,45,45,28,2,UD_Japanese-PUD,Japanese
n01145,68,46,45,20,7,UD_Japanese-PUD,Japanese
n01146,65,48,47,13,10,UD_Japanese-PUD,Japanese
n01147,67,50,50,22,5,UD_Japanese-PUD,Japanese
n01148,68,47,46,22,4,UD_Japanese-PUD,Japanese
n01149,65,53,51,22,10,UD_Japanese-PUD,Japanese
n01150,65,45,45,21,3,UD_Japanese-PUD,Japanese
n02002,66,51,50,18,12,UD_Japanese-PUD,Japanese
n02004,61,48,45,13,9,UD_Japanese-PUD,Japanese
n02006,61,48,47,21,6,UD_Japanese-PUD,Japanese
n02007,58,40,40,13,7,UD_Japanese-PUD,Japanese
n02011,54,46,47,17,9,UD_Japanese-PUD,Japanese
n02016,61,52,50,17,5,UD_Japanese-PUD,Japanese
n02017,65,46,44,19,5,UD_Japanese-PUD,Japanese
n02022,63,48,47,21,4,UD_Japanese-PUD,Japanese
n02024,61,45,45,13,10,UD_Japanese-PUD,Japanese
n02027,63,50,48,18,5,UD_Japanese-PUD,Japanese
n02030,66,51,50,24,4,UD_Japanese-PUD,Japanese
n02031,62,46,45,24,6,UD_Japanese-PUD,Japanese
n02032,67,46,47,21,6,UD_Japanese-PUD,Japanese
n02033,67,57,56,21,7,UD_Japanese-PUD,Japanese
n02034,70,56,54,22,4,UD_Japanese-PUD,Japanese
n02036,66,49,47,15,7,UD_Japanese-PUD,Japanese
n02038,62,44,43,14,8,UD_Japanese-PUD,Japanese
n02040,62,51,49,16,7,UD_Japanese-PUD,Japanese
n02041,66,48,46,19,5,UD_Japanese-PUD,Japanese
n02042,68,52,51,21,7,UD_Japanese-PUD,Japanese
n02043,63,46,46,15,6,UD_Japanese-PUD,Japanese
n02044,69,52,52,23,7,UD_Japanese-PUD,Japanese
n02046,68,48,46,14,8,UD_Japanese-PUD,Japanese
n02048,67,53,52,22,11,UD_Japanese-PUD,Japanese
n02050,63,47,47,19,5,UD_Japanese-PUD,Japanese
n02052,62,46,45,15,6,UD_Japanese-PUD,Japanese
n02056,65,48,46,15,6,UD_Japanese-PUD,Japanese
n02058,65,49,47,17,6,UD_Japanese-PUD,Japanese
n02066,60,47,44,18,6,UD_Japanese-PUD,Japanese
n02068,63,47,47,17,2,UD_Japanese-PUD,Japanese
n02069,61,45,43,21,5,UD_Japanese-PUD,Japanese
n02073,57,48,48,18,4,UD_Japanese-PUD,Japanese
n02074,63,49,49,20,4,UD_Japanese-PUD,Japanese
n02075,62,48,49,19,8,UD_Japanese-PUD,Japanese
n02076,61,50,50,20,5,UD_Japanese-PUD,Japanese
n02078,62,43,43,20,0,UD_Japanese-PUD,Japanese
n02079,67,53,54,22,10,UD_Japanese-PUD,Japanese
n02081,72,54,52,22,4,UD_Japanese-PUD,Japanese
n02082,70,48,47,18,12,UD_Japanese-PUD,Japanese
n02083,67,55,54,23,5,UD_Japanese-PUD,Japanese
n03001,66,45,44,14,2,UD_Japanese-PUD,Japanese
n03002,70,59,58,25,11,UD_Japanese-PUD,Japanese
n03003,68,48,46,17,9,UD_Japanese-PUD,Japanese
n03004,64,47,44,14,8,UD_Japanese-PUD,Japanese
n03005,65,47,46,17,4,UD_Japanese-PUD,Japanese
n03006,57,45,44,12,8,UD_Japanese-PUD,Japanese
n03007,60,47,45,18,8,UD_Japanese-PUD,Japanese
n03008,57,39,38,19,5,UD_Japanese-PUD,Japanese
n03009,58,50,49,19,7,UD_Japanese-PUD,Japanese
n03010,58,42,42,20,5,UD_Japanese-PUD,Japanese
n04001,59,45,44,14,8,UD_Japanese-PUD,Japanese
n04002,66,53,53,20,5,UD_Japanese-PUD,Japanese
n04003,58,36,36,16,4,UD_Japanese-PUD,Japanese
n04005,60,51,51,20,7,UD_Japanese-PUD,Japanese
n04006,62,52,51,23,3,UD_Japanese-PUD,Japanese
n04007,66,52,52,19,4,UD_Japanese-PUD,Japanese
n04008,59,41,42,16,7,UD_Japanese-PUD,Japanese
n04009,69,59,59,24,8,UD_Japanese-PUD,Japanese
n04010,69,50,49,17,9,UD_Japanese-PUD,Japanese
n05001,68,51,49,18,6,UD_Japanese-PUD,Japanese
n05002,66,49,49,20,8,UD_Japanese-PUD,Japanese
n05003,67,41,39,11,6,UD_Japanese-PUD,Japanese
n05004,62,55,55,18,11,UD_Japanese-PUD,Japanese
n05005,72,54,52,20,3,UD_Japanese-PUD,Japanese
n05006,66,48,47,20,8,UD_Japanese-PUD,Japanese
n05007,67,49,48,20,4,UD_Japanese-PUD,Japanese
n05008,65,51,50,23,7,UD_Japanese-PUD,Japanese
n05009,66,51,50,17,8,UD_Japanese-PUD,Japanese
n05010,66,53,51,18,9,UD_Japanese-PUD,Japanese
w01001,64,46,46,17,9,UD_Japanese-PUD,Japanese
w01002,60,46,45,23,9,UD_Japanese-PUD,Japanese
w01003,67,51,49,17,7,UD_Japanese-PUD,Japanese
w01004,66,52,49,19,5,UD_Japanese-PUD,Japanese
w01005,65,44,43,20,5,UD_Japanese-PUD,Japanese
w01006,61,46,45,14,5,UD_Japanese-PUD,Japanese
w01007,61,49,50,17,9,UD_Japanese-PUD,Japanese
w01008,64,52,50,20,6,UD_Japanese-PUD,Japanese
w01009,68,55,52,19,8,UD_Japanese-PUD,Japanese
w01010,62,41,41,15,6,UD_Japanese-PUD,Japanese
w01012,62,48,48,19,9,UD_Japanese-PUD,Japanese
w01013,71,53,52,19,3,UD_Japanese-PUD,Japanese
w01014,69,51,49,18,4,UD_Japanese-PUD,Japanese
w01016,66,53,52,22,8,UD_Japanese-PUD,Japanese
w01017,67,52,51,21,3,UD_Japanese-PUD,Japanese
w01018,69,49,47,12,9,UD_Japanese-PUD,Japanese
w01019,70,51,51,25,9,UD_Japanese-PUD,Japanese
w01020,70,47,46,18,8,UD_Japanese-PUD,Japanese
w01022,62,48,46,20,3,UD_Japanese-PUD,Japanese
w01023,69,51,49,25,3,UD_Japanese-PUD,Japanese
w01025,62,41,41,15,8,UD_Japanese-PUD,Japanese
w01026,63,54,52,24,9,UD_Japanese-PUD,Japanese
w01027,63,44,42,15,6,UD_Japanese-PUD,Japanese
w01028,61,53,52,17,11,UD_Japanese-PUD,Japanese
w01029,62,48,47,20,2,UD_Japanese-PUD,Japanese
w01030,61,42,42,20,6,UD_Japanese-PUD,Japanese
w01031,70,59,57,25,4,UD_Japanese-PUD,Japanese
w01032,73,56,55,28,4,UD_Japanese-PUD,Japanese
w01033,65,47,47,16,12,UD_Japanese-PUD,Japanese
w01034,68,52,48,22,3,UD_Japanese-PUD,Japanese
w01035,72,49,48,25,5,UD_Japanese-PUD,Japanese
w01036,73,53,54,17,11,UD_Japanese-PUD,Japanese
w01037,68,49,47,21,7,UD_Japanese-PUD,Japanese
w01038,66,51,48,14,5,UD_Japanese-PUD,Japanese
w01039,66,50,46,17,4,UD_Japanese-PUD,Japanese
w01040,72,56,56,23,7,UD_Japanese-PUD,Japanese
w01041,67,50,49,21,7,UD_Japanese-PUD,Japanese
w01042,72,55,53,21,8,UD_Japanese-PUD,Japanese
w01043,72,57,54,24,5,UD_Japanese-PUD,Japanese
w01044,69,51,50,17,7,UD_Japanese-PUD,Japanese
w01045,65,44,43,18,6,UD_Japanese-PUD,Japanese
w01046,66,53,53,16,6,UD_Japanese-PUD,Japanese
w01047,61,45,44,19,5,UD_Japanese-PUD,Japanese
w01048,63,48,46,19,6,UD_Japanese-PUD,Japanese
w01049,59,41,41,13,9,UD_Japanese-PUD,Japanese
w01050,56,43,42,15,7,UD_Japanese-PUD,Japanese
w01051,63,51,51,17,7,UD_Japanese-PUD,Japanese
w01052,64,54,52,22,5,UD_Japanese-PUD,Japanese
w01053,63,43,44,16,4,UD_Japanese-PUD,Japanese
w01054,64,53,53,22,7,UD_Japanese-PUD,Japanese
w01056,64,49,49,16,5,UD_Japanese-PUD,Japanese
w01057,70,49,46,17,5,UD_Japanese-PUD,Japanese
w01058,63,49,48,22,2,UD_Japanese-PUD,Japanese
w01060,65,53,52,18,8,UD_Japanese-PUD,Japanese
w01061,64,43,43,17,3,UD_Japanese-PUD,Japanese
w01062,63,54,52,26,7,UD_Japanese-PUD,Japanese
w01063,66,44,44,16,3,UD_Japanese-PUD,Japanese
w01064,65,54,53,24,8,UD_Japanese-PUD,Japanese
w01065,62,52,51,21,5,UD_Japanese-PUD,Japanese
w01066,63,48,47,17,9,UD_Japanese-PUD,Japanese
w01067,65,50,49,18,9,UD_Japanese-PUD,Japanese
w01068,69,53,53,17,6,UD_Japanese-PUD,Japanese
w01069,67,49,49,33,2,UD_Japanese-PUD,Japanese
w01070,67,47,47,17,5,UD_Japanese-PUD,Japanese
w01071,66,58,55,23,11,UD_Japanese-PUD,Japanese
w01072,62,42,41,20,2,UD_Japanese-PUD,Japanese
w01073,65,53,52,18,5,UD_Japanese-PUD,Japanese
w01074,67,51,52,21,8,UD_Japanese-PUD,Japanese
w01075,68,48,43,18,4,UD_Japanese-PUD,Japanese
w01076,70,52,52,21,6,UD_Japanese-PUD,Japanese
w01078,68,53,53,20,9,UD_Japanese-PUD,Japanese
w01079,66,47,45,21,4,UD_Japanese-PUD,Japanese
w01080,64,52,51,20,5,UD_Japanese-PUD,Japanese
w01081,62,52,51,21,7,UD_Japanese-PUD,Japanese
w01082,63,43,43,20,3,UD_Japanese-PUD,Japanese
w01083,64,52,52,15,11,UD_Japanese-PUD,Japanese
w01084,66,45,43,15,8,UD_Japanese-PUD,Japanese
w01085,65,49,47,14,5,UD_Japanese-PUD,Japanese
w01086,67,54,54,25,5,UD_Japanese-PUD,Japanese
w01087,71,56,53,17,6,UD_Japanese-PUD,Japanese
w01088,68,53,52,16,11,UD_Japanese-PUD,Japanese
w01089,70,46,44,15,7,UD_Japanese-PUD,Japanese
w01091,67,49,46,12,10,UD_Japanese-PUD,Japanese
w01092,66,49,48,15,7,UD_Japanese-PUD,Japanese
w01093,68,48,47,18,8,UD_Japanese-PUD,Japanese
w01094,58,40,38,13,7,UD_Japanese-PUD,Japanese
w01095,60,47,47,20,10,UD_Japanese-PUD,Japanese
w01096,60,43,44,12,4,UD_Japanese-PUD,Japanese
w01097,56,46,44,17,5,UD_Japanese-PUD,Japanese
w01098,61,46,46,19,4,UD_Japanese-PUD,Japanese
w01099,61,48,47,17,6,UD_Japanese-PUD,Japanese
w01100,64,53,54,26,6,UD_Japanese-PUD,Japanese
w01101,64,54,50,22,4,UD_Japanese-PUD,Japanese
w01102,69,54,54,25,3,UD_Japanese-PUD,Japanese
w01103,71,49,49,22,4,UD_Japanese-PUD,Japanese
w01105,62,43,43,13,6,UD_Japanese-PUD,Japanese
w01106,62,50,50,22,7,UD_Japanese-PUD,Japanese
w01107,66,54,52,22,6,UD_Japanese-PUD,Japanese
w01108,66,44,42,20,4,UD_Japanese-PUD,Japanese
w01109,63,53,53,19,11,UD_Japanese-PUD,Japanese
w01111,64,51,48,15,5,UD_Japanese-PUD,Japanese
w01112,64,54,51,21,6,UD_Japanese-PUD,Japanese
w01113,68,49,48,15,6,UD_Japanese-PUD,Japanese
w01114,69,56,55,22,7,UD_Japanese-PUD,Japanese
w01115,64,46,44,20,4,UD_Japanese-PUD,Japanese
w01116,66,52,51,17,8,UD_Japanese-PUD,Japanese
w01117,64,50,48,17,8,UD_Japanese-PUD,Japanese
w01119,69,49,48,17,4,UD_Japanese-PUD,Japanese
w01121,66,49,48,18,10,UD_Japanese-PUD,Japanese
w01122,69,53,52,20,5,UD_Japanese-PUD,Japanese
w01124,68,49,47,17,5,UD_Japanese-PUD,Japanese
w01125,69,53,53,22,6,UD_Japanese-PUD,Japanese
w01127,67,51,49,21,4,UD_Japanese-PUD,Japanese
w01128,68,53,52,17,9,UD_Japanese-PUD,Japanese
w01129,65,52,48,14,9,UD_Japanese-PUD,Japanese
w01130,66,50,50,22,5,UD_Japanese-PUD,Japanese
w01131,66,50,48,17,5,UD_Japanese-PUD,Japanese
w01132,62,49,48,13,9,UD_Japanese-PUD,Japanese
w01133,65,50,50,15,6,UD_Japanese-PUD,Japanese
w01134,63,48,45,14,4,UD_Japanese-PUD,Japanese
w01135,68,52,50,20,6,UD_Japanese-PUD,Japanese
w01136,61,38,37,18,3,UD_Japanese-PUD,Japanese
w01137,62,52,52,17,7,UD_Japanese-PUD,Japanese
w01138,61,49,46,19,3,UD_Japanese-PUD,Japanese
w01139,62,44,43,17,6,UD_Japanese-PUD,Japanese
w01140,58,47,47,21,5,UD_Japanese-PUD,Japanese
w01141,58,41,40,12,4,UD_Japanese-PUD,Japanese
w01142,61,53,52,21,8,UD_Japanese-PUD,Japanese
w01143,62,45,45,18,5,UD_Japanese-PUD,Japanese
w01144,59,46,46,16,7,UD_Japanese-PUD,Japanese
w01146,69,59,57,19,8,UD_Japanese-PUD,Japanese
w01147,71,56,55,22,5,UD_Japanese-PUD,Japanese
w01148,72,52,52,21,6,UD_Japanese-PUD,Japanese
w01149,70,54,53,28,4,UD_Japanese-PUD,Japanese
w01150,69,52,54,22,4,UD_Japanese-PUD,Japanese
w02001,65,48,47,23,2,UD_Japanese-PUD,Japanese
w02002,68,52,52,22,8,UD_Japanese-PUD,Japanese
w02003,69,55,51,23,3,UD_Japanese-PUD,Japanese
w02004,62,44,43,24,3,UD_Japanese-PUD,Japanese
w02005,68,53,54,15,15,UD_Japanese-PUD,Japanese
w02006,69,52,50,18,12,UD_Japanese-PUD,Japanese
w02007,61,46,44,17,7,UD_Japanese-PUD,Japanese
w02008,64,51,49,18,9,UD_Japanese-PUD,Japanese
w02009,67,45,43,17,3,UD_Japanese-PUD,Japanese
w02011,57,41,41,12,6,UD_Japanese-PUD,Japanese
w02012,57,49,50,18,5,UD_Japanese-PUD,Japanese
w02013,63,47,45,17,4,UD_Japanese-PUD,Japanese
w02014,63,44,43,11,6,UD_Japanese-PUD,Japanese
w02015,65,53,52,32,3,UD_Japanese-PUD,Japanese
w02016,65,43,43,17,4,UD_Japanese-PUD,Japanese
w02017,69,58,56,21,8,UD_Japanese-PUD,Japanese
w02018,71,50,48,24,7,UD_Japanese-PUD,Japanese
w02019,68,51,49,14,10,UD_Japanese-PUD,Japanese
w03001,66,47,45,17,6,UD_Japanese-PUD,Japanese
w03002,68,53,52,20,5,UD_Japanese-PUD,Japanese
w03003,59,48,45,18,7,UD_Japanese-PUD,Japanese
w03004,63,50,48,18,2,UD_Japanese-PUD,Japanese
w03005,61,49,48,21,9,UD_Japanese-PUD,Japanese
w03006,65,55,54,21,7,UD_Japanese-PUD,Japanese
w03007,62,41,41,14,3,UD_Japanese-PUD,Japanese
w03008,63,51,50,19,11,UD_Japanese-PUD,Japanese
w03009,68,55,52,25,5,UD_Japanese-PUD,Japanese
w03010,69,45,44,12,7,UD_Japanese-PUD,Japanese
w04001,61,50,48,19,7,UD_Japanese-PUD,Japanese
w04002,62,43,42,15,2,UD_Japanese-PUD,Japanese
w04003,63,43,43,15,8,UD_Japanese-PUD,Japanese
w04004,61,52,50,19,7,UD_Japanese-PUD,Japanese
w04006,57,38,38,13,4,UD_Japanese-PUD,Japanese
w04007,65,56,54,21,8,UD_Japanese-PUD,Japanese
w04008,66,47,47,18,4,UD_Japanese-PUD,Japanese
w04009,62,47,45,20,5,UD_Japanese-PUD,Japanese
w04010,66,53,53,20,6,UD_Japanese-PUD,Japanese
w05001,71,49,48,10,9,UD_Japanese-PUD,Japanese
w05002,63,48,43,15,7,UD_Japanese-PUD,Japanese
w05003,60,47,45,23,3,UD_Japanese-PUD,Japanese
w05004,62,49,48,20,6,UD_Japanese-PUD,Japanese
w05005,61,46,44,15,8,UD_Japanese-PUD,Japanese
w05006,61,47,47,14,7,UD_Japanese-PUD,Japanese
w05007,65,50,48,21,9,UD_Japanese-PUD,Japanese
w05008,67,49,46,18,1,UD_Japanese-PUD,Japanese
w05009,64,42,41,16,7,UD_Japanese-PUD,Japanese
w05010,57,39,38,13,2,UD_Japanese-PUD,Japanese
n01001,45,43,42,10,6,UD_Russian-PUD,Russian
n01002,39,36,36,12,3,UD_Russian-PUD,Russian
n01003,39,35,34,14,4,UD_Russian-PUD,Russian
n01004,40,40,39,11,7,UD_Russian-PUD,Russian
n01005,38,38,35,12,9,UD_Russian-PUD,Russian
n01006,35,34,34,12,5,UD_Russian-PUD,Russian
n01007,29,28,28,10,5,UD_Russian-PUD,Russian
n01008,34,34,32,8,6,UD_Russian-PUD,Russian
n01009,34,33,33,15,6,UD_Russian-PUD,Russian
n01010,39,36,32,8,5,UD_Russian-PUD,Russian
n01011,43,41,41,16,3,UD_Russian-PUD,Russian
n01012,48,45,42,8,4,UD_Russian-PUD,Russian
n01013,44,43,41,18,8,UD_Russian-PUD,Russian
n01014,46,43,42,13,7,UD_Russian-PUD,Russian
n01015,42,40,40,15,6,UD_Russian-PUD,Russian
n01016,41,39,38,10,8,UD_Russian-PUD,Russian
n01017,41,40,40,13,6,UD_Russian-PUD,Russian
n01018,42,40,40,14,4,UD_Russian-PUD,Russian
n01019,41,39,37,19,1,UD_Russian-PUD,Russian
n01020,38,35,34,13,5,UD_Russian-PUD,Russian
n01021,36,33,33,3,7,UD_Russian-PUD,Russian
n01022,41,41,41,16,2,UD_Russian-PUD,Russian
n01023,35,33,33,8,3,UD_Russian-PUD,Russian
n01024,40,40,40,9,8,UD_Russian-PUD,Russian
n01025,41,39,39,9,4,UD_Russian-PUD,Russian
n01026,43,39,38,16,5,UD_Russian-PUD,Russian
n01027,48,46,45,15,5,UD_Russian-PUD,Russian
n01028,44,43,41,12,6,UD_Russian-PUD,Russian
n01029,44,43,42,12,5,UD_Russian-PUD,Russian
n01030,43,38,38,10,6,UD_Russian-PUD,Russian
n01031,48,42,42,13,7,UD_Russian-PUD,Russian
n01032,42,42,40,15,2,UD_Russian-PUD,Russian
n01033,46,46,46,14,9,UD_Russian-PUD,Russian
n01034,40,39,38,12,5,UD_Russian-PUD,Russian
n01035,45,43,43,13,4,UD_Russian-PUD,Russian
n01036,43,43,41,14,6,UD_Russian-PUD,Russian
n01037,40,37,37,13,4,UD_Russian-PUD,Russian
n01038,39,34,34,11,3,UD_Russian-PUD,Russian
n01039,44,43,42,15,4,UD_Russian-PUD,Russian
n01040,40,39,39,12,8,UD_Russian-PUD,Russian
n01041,38,37,36,12,6,UD_Russian-PUD,Russian
n01042,42,39,39,11,5,UD_Russian-PUD,Russian
n01043,42,40,37,11,9,UD_Russian-PUD,Russian
n01044,39,36,35,13,2,UD_Russian-PUD,Russian
n01045,42,40,40,10,4,UD_Russian-PUD,Russian
n01046,44,42,41,11,8,UD_Russian-PUD,Russian
n01047,41,39,37,10,4,UD_Russian-PUD,Russian
n01048,42,40,38,15,4,UD_Russian-PUD,Russian
n01049,46,42,41,12,4,UD_Russian-PUD,Russian
n01050,41,41,41,16,6,UD_Russian-PUD,Russian
n01051,38,37,37,13,3,UD_Russian-PUD,Russian
n01052,46,46,45,12,5,UD_Russian-PUD,Russian
n01053,42,41,38,16,8,UD_Russian-PUD,Russian
n01054,45,42,42,9,6,UD_Russian-PUD,Russian
n01055,39,39,38,16,6,UD_Russian-PUD,Russian
n01057,41,38,37,10,3,UD_Russian-PUD,Russian
n01058,39,38,38,13,2,UD_Russian-PUD,Russian
n01059,39,39,38,10,3,UD_Russian-PUD,Russian
n01060,40,38,36,9,2,UD_Russian-PUD,Russian
n01061,40,39,39,12,7,UD_Russian-PUD,Russian
n01062,40,38,38,9,4,UD_Russian-PUD,Russian
n01063,43,41,40,10,6,UD_Russian-PUD,Russian
n01064,42,41,40,13,5,UD_Russian-PUD,Russian
n01065,44,39,37,12,7,UD_Russian-PUD,Russian
n01066,42,40,40,3,2,UD_Russian-PUD,Russian
n01067,45,42,41,18,2,UD_Russian-PUD,Russian
n01068,36,35,33,13,5,UD_Russian-PUD,Russian
n01069,38,37,35,8,6,UD_Russian-PUD,Russian
n01070,38,35,35,10,5,UD_Russian-PUD,Russian
n01071,43,39,39,10,3,UD_Russian-PUD,Russian
n01072,44,44,43,17,5,UD_Russian-PUD,Russian
n01073,45,42,40,14,5,UD_Russian-PUD,Russian
n01074,44,43,41,17,5,UD_Russian-PUD,Russian
n01075,42,40,39,18,5,UD_Russian-PUD,Russian
n01076,42,42,41,10,6,UD_Russian-PUD,Russian
n01077,44,42,41,8,4,UD_Russian-PUD,Russian
n01078,39,36,37,14,2,UD_Russian-PUD,Russian
n01079,41,39,36,16,4,UD_Russian-PUD,Russian
n01080,42,36,35,14,4,UD_Russian-PUD,Russian
n01081,36,34,33,13,3,UD_Russian-PUD,Russian
n01082,39,39,38,12,5,UD_Russian-PUD,Russian
n01083,41,40,40,14,6,UD_Russian-PUD,Russian
n01084,40,33,32,12,2,UD_Russian-PUD,Russian
n01085,36,35,34,14,5,UD_Russian-PUD,Russian
n01086,43,38,38,5,10,UD_Russian-PUD,Russian
n01087,42,41,39,12,6,UD_Russian-PUD,Russian
n01088,37,33,33,10,7,UD_Russian-PUD,Russian
n01089,41,38,38,11,5,UD_Russian-PUD,Russian
n01090,42,36,35,10,3,UD_Russian-PUD,Russian
n01091,40,40,39,12,5,UD_Russian-PUD,Russian
n01092,42,42,39,12,8,UD_Russian-PUD,Russian
n01093,40,38,36,16,4,UD_Russian-PUD,Russian
n01094,43,40,40,11,4,UD_Russian-PUD,Russian
n01095,41,39,37,10,7,UD_Russian-PUD,Russian
n01096,43,43,43,18,6,UD_Russian-PUD,Russian
n01097,44,40,39,14,4,UD_Russian-PUD,Russian
n01098,48,45,44,19,6,UD_Russian-PUD,Russian
n01099,45,45,44,18,4,UD_Russian-PUD,Russian
n01101,44,44,42,14,4,UD_Russian-PUD,Russian
n01102,45,39,39,9,4,UD_Russian-PUD,Russian
n01103,46,44,44,15,3,UD_Russian-PUD,Russian
n01104,39,38,38,16,4,UD_Russian-PUD,Russian
n01105,34,33,33,10,6,UD_Russian-PUD,Russian
n01106,39,36,33,11,3,UD_Russian-PUD,Russian
n01107,41,36,34,12,8,UD_Russian-PUD,Russian
n01108,42,39,39,11,10,UD_Russian-PUD,Russian
n01109,42,42,42,15,4,UD_Russian-PUD,Russian
n01110,43,41,41,13,7,UD_Russian-PUD,Russian
n01111,40,38,37,15,3,UD_Russian-PUD,Russian
n01112,42,40,40,12,3,UD_Russian-PUD,Russian
n01113,39,38,39,15,5,UD_Russian-PUD,Russian
n01114,39,36,35,9,8,UD_Russian-PUD,Russian
n01115,39,39,39,7,7,UD_Russian-PUD,Russian
n01116,41,40,38,12,8,UD_Russian-PUD,Russian
n01117,40,40,39,10,2,UD_Russian-PUD,Russian
n01118,43,38,38,19,4,UD_Russian-PUD,Russian
n01119,40,39,39,8,6,UD_Russian-PUD,Russian
n01120,41,40,39,19,4,UD_Russian-PUD,Russian
n01121,43,39,38,11,5,UD_Russian-PUD,Russian
n01122,44,44,43,15,5,UD_Russian-PUD,Russian
n01123,44,41,40,16,4,UD_Russian-PUD,Russian
n01125,46,44,43,10,8,UD_Russian-PUD,Russian
n01127,47,45,45,16,4,UD_Russian-PUD,Russian
n01128,50,49,47,20,6,UD_Russian-PUD,Russian
n01129,44,44,44,15,4,UD_Russian-PUD,Russian
n01130,42,38,38,13,7,UD_Russian-PUD,Russian
n01131,38,36,35,13,4,UD_Russian-PUD,Russian
n01132,36,36,34,7,5,UD_Russian-PUD,Russian
n01133,37,37,36,15,5,UD_Russian-PUD,Russian
n01134,37,37,36,11,1,UD_Russian-PUD,Russian
n01135,36,33,33,16,3,UD_Russian-PUD,Russian
n01136,44,40,37,8,6,UD_Russian-PUD,Russian
n01137,42,41,40,12,8,UD_Russian-PUD,Russian
n01138,39,38,35,13,2,UD_Russian-PUD,Russian
n01139,42,40,38,7,11,UD_Russian-PUD,Russian
n01140,42,42,41,9,4,UD_Russian-PUD,Russian
n01141,44,38,35,10,6,UD_Russian-PUD,Russian
n01142,46,45,43,12,9,UD_Russian-PUD,Russian
n01143,49,45,45,16,4,UD_Russian-PUD,Russian
n01144,46,43,43,13,4,UD_Russian-PUD,Russian
n01145,43,39,38,12,7,UD_Russian-PUD,Russian
n01146,40,38,38,11,4,UD_Russian-PUD,Russian
n01147,41,38,37,12,1,UD_Russian-PUD,Russian
n01148,43,41,39,7,9,UD_Russian-PUD,Russian
n01149,41,41,41,17,5,UD_Russian-PUD,Russian
n01150,36,35,35,12,4,UD_Russian-PUD,Russian
n02002,43,41,40,13,5,UD_Russian-PUD,Russian
n02004,48,47,45,20,4,UD_Russian-PUD,Russian
n02006,43,40,41,16,8,UD_Russian-PUD,Russian
n02007,40,39,37,12,3,UD_Russian-PUD,Russian
n02011,40,35,35,11,8,UD_Russian-PUD,Russian
n02016,41,37,36,10,5,UD_Russian-PUD,Russian
n02017,44,40,38,11,1,UD_Russian-PUD,Russian
n02022,42,41,39,16,7,UD_Russian-PUD,Russian
n02024,44,43,41,12,5,UD_Russian-PUD,Russian
n02027,41,40,40,14,5,UD_Russian-PUD,Russian
n02030,39,34,34,13,4,UD_Russian-PUD,Russian
n02031,40,40,39,11,10,UD_Russian-PUD,Russian
n02032,44,41,40,16,4,UD_Russian-PUD,Russian
n02033,40,40,40,15,7,UD_Russian-PUD,Russian
n02034,43,42,41,5,5,UD_Russian-PUD,Russian
n02036,46,45,45,19,2,UD_Russian-PUD,Russian
n02038,39,34,34,7,4,UD_Russian-PUD,Russian
n02040,46,44,41,14,4,UD_Russian-PUD,Russian
n02041,39,38,35,14,6,UD_Russian-PUD,Russian
n02042,39,37,37,8,10,UD_Russian-PUD,Russian
n02043,43,41,41,16,4,UD_Russian-PUD,Russian
n02044,40,38,38,11,9,UD_Russian-PUD,Russian
n02046,45,44,44,15,8,UD_Russian-PUD,Russian
n02048,48,45,45,18,5,UD_Russian-PUD,Russian
n02050,46,40,39,14,8,UD_Russian-PUD,Russian
n02052,41,40,40,17,3,UD_Russian-PUD,Russian
n02056,37,37,35,13,3,UD_Russian-PUD,Russian
n02058,41,40,40,12,5,UD_Russian-PUD,Russian
n02066,39,37,34,18,5,UD_Russian-PUD,Russian
n02068,41,41,38,12,5,UD_Russian-PUD,Russian
n02069,38,36,35,19,3,UD_Russian-PUD,Russian
n02073,34,33,33,11,4,UD_Russian-PUD,Russian
n02074,40,35,32,11,5,UD_Russian-PUD,Russian
n02075,41,40,39,14,8,UD_Russian-PUD,Russian
n02076,40,38,37,12,8,UD_Russian-PUD,Russian
n02078,41,39,39,8,4,UD_Russian-PUD,Russian
n02079,41,40,39,17,2,UD_Russian-PUD,Russian
n02081,40,37,35,11,5,UD_Russian-PUD,Russian
n02082,34,33,33,12,10,UD_Russian-PUD,Russian
n02083,49,44,43,9,6,UD_Russian-PUD,Russian
n03001,46,45,42,15,6,UD_Russian-PUD,Russian
n03002,44,42,40,10,7,UD_Russian-PUD,Russian
n03003,41,41,40,13,5,UD_Russian-PUD,Russian
n03004,39,36,35,12,3,UD_Russian-PUD,Russian
n03005,41,41,41,13,5,UD_Russian-PUD,Russian
n03006,40,36,36,11,5,UD_Russian-PUD,Russian
n03007,39,37,35,12,4,UD_Russian-PUD,Russian
n03008,41,40,39,17,6,UD_Russian-PUD,Russian
n03009,45,44,42,12,2,UD_Russian-PUD,Russian
n03010,42,40,40,19,3,UD_Russian-PUD,Russian
n04001,43,42,42,14,7,UD_Russian-PUD,Russian
n04002,43,43,42,14,5,UD_Russian-PUD,Russian
n04003,41,41,41,15,6,UD_Russian-PUD,Russian
n04005,42,42,41,12,9,UD_Russian-PUD,Russian
n04006,37,37,37,13,4,UD_Russian-PUD,Russian
n04007,36,34,34,6,8,UD_Russian-PUD,Russian
n04008,39,34,33,9,1,UD_Russian-PUD,Russian
n04009,43,38,37,8,6,UD_Russian-PUD,Russian
n04010,43,42,41,16,4,UD_Russian-PUD,Russian
n05001,39,37,34,7,3,UD_Russian-PUD,Russian
n05002,43,43,42,10,6,UD_Russian-PUD,Russian
n05003,42,42,39,16,9,UD_Russian-PUD,Russian
n05004,43,40,39,10,7,UD_Russian-PUD,Russian
n05005,40,38,37,16,6,UD_Russian-PUD,Russian
n05006,40,35,34,11,8,UD_Russian-PUD,Russian
n05007,39,38,37,15,3,UD_Russian-PUD,Russian
n05008,41,39,38,12,2,UD_Russian-PUD,Russian
n05009,46,45,43,11,8,UD_Russian-PUD,Russian
n05010,43,43,40,17,6,UD_Russian-PUD,Russian
w01001,42,40,39,13,3,UD_Russian-PUD,Russian
w01002,40,39,37,10,3,UD_Russian-PUD,Russian
w01003,44,40,40,14,8,UD_Russian-PUD,Russian
w01004,47,44,44,11,7,UD_Russian-PUD,Russian
w01005,47,47,46,20,4,UD_Russian-PUD,Russian
w01006,39,38,38,10,5,UD_Russian-PUD,Russian
w01007,43,37,36,13,3,UD_Russian-PUD,Russian
w01008,38,36,36,13,3,UD_Russian-PUD,Russian
w01009,35,35,35,10,5,UD_Russian-PUD,Russian
w01010,34,33,31,9,3,UD_Russian-PUD,Russian
w01012,36,34,32,12,3,UD_Russian-PUD,Russian
w01013,35,33,32,10,6,UD_Russian-PUD,Russian
w01014,44,44,43,10,6,UD_Russian-PUD,Russian
w01016,43,42,41,14,4,UD_Russian-PUD,Russian
w01017,41,41,40,7,6,UD_Russian-PUD,Russian
w01018,45,40,38,8,7,UD_Russian-PUD,Russian
w01019,41,39,39,13,5,UD_Russian-PUD,Russian
w01020,43,41,40,10,4,UD_Russian-PUD,Russian
w01022,45,44,44,12,8,UD_Russian-PUD,Russian
w01023,46,42,42,16,6,UD_Russian-PUD,Russian
w01025,44,41,40,11,6,UD_Russian-PUD,Russian
w01026,47,44,43,17,6,UD_Russian-PUD,Russian
w01027,42,40,40,10,3,UD_Russian-PUD,Russian
w01028,44,41,40,12,3,UD_Russian-PUD,Russian
w01029,41,37,36,11,6,UD_Russian-PUD,Russian
w01030,41,38,37,13,8,UD_Russian-PUD,Russian
w01031,40,39,39,17,7,UD_Russian-PUD,Russian
w01032,39,36,34,9,6,UD_Russian-PUD,Russian
w01033,43,41,40,11,7,UD_Russian-PUD,Russian
w01034,38,36,35,9,7,UD_Russian-PUD,Russian
w01035,34,34,34,12,2,UD_Russian-PUD,Russian
w01036,35,35,35,10,8,UD_Russian-PUD,Russian
w01037,37,33,32,10,6,UD_Russian-PUD,Russian
w01038,39,36,36,14,2,UD_Russian-PUD,Russian
w01039,44,43,40,14,6,UD_Russian-PUD,Russian
w01040,43,42,41,11,5,UD_Russian-PUD,Russian
w01041,48,44,43,14,5,UD_Russian-PUD,Russian
w01042,43,40,39,17,8,UD_Russian-PUD,Russian
w01043,38,34,35,10,4,UD_Russian-PUD,Russian
w01044,38,37,37,7,6,UD_Russian-PUD,Russian
w01045,44,43,42,8,10,UD_Russian-PUD,Russian
w01046,40,36,36,13,5,UD_Russian-PUD,Russian
w01047,41,38,39,11,5,UD_Russian-PUD,Russian
w01048,41,39,38,12,7,UD_Russian-PUD,Russian
w01049,47,46,46,11,7,UD_Russian-PUD,Russian
w01050,47,41,40,11,5,UD_Russian-PUD,Russian
w01051,50,47,47,21,6,UD_Russian-PUD,Russian
w01052,40,36,36,13,1,UD_Russian-PUD,Russian
w01053,39,35,34,15,5,UD_Russian-PUD,Russian
w01054,39,37,37,9,6,UD_Russian-PUD,Russian
w01056,38,35,35,9,4,UD_Russian-PUD,Russian
w01057,40,40,40,12,7,UD_Russian-PUD,Russian
w01058,45,40,38,13,5,UD_Russian-PUD,Russian
w01060,48,45,43,13,7,UD_Russian-PUD,Russian
w01061,44,42,41,17,9,UD_Russian-PUD,Russian
w01062,42,38,38,9,4,UD_Russian-PUD,Russian
w01063,45,42,41,11,9,UD_Russian-PUD,Russian
w01064,47,44,42,15,8,UD_Russian-PUD,Russian
w01065,39,39,39,13,6,UD_Russian-PUD,Russian
w01066,38,36,35,14,6,UD_Russian-PUD,Russian
w01067,42,42,40,17,6,UD_Russian-PUD,Russian
w01068,39,37,37,13,6,UD_Russian-PUD,Russian
w01069,36,34,33,11,4,UD_Russian-PUD,Russian
w01070,38,32,31,7,5,UD_Russian-PUD,Russian
w01071,43,42,40,11,2,UD_Russian-PUD,Russian
w01072,38,37,35,16,4,UD_Russian-PUD,Russian
w01073,39,34,34,10,5,UD_Russian-PUD,Russian
w01074,38,37,36,11,4,UD_Russian-PUD,Russian
w01075,40,40,40,13,5,UD_Russian-PUD,Russian
w01076,39,38,37,14,6,UD_Russian-PUD,Russian
w01078,38,36,36,15,4,UD_Russian-PUD,Russian
w01079,45,43,42,17,5,UD_Russian-PUD,Russian
w01080,46,45,43,13,7,UD_Russian-PUD,Russian
w01081,43,43,43,13,8,UD_Russian-PUD,Russian
w01082,47,45,45,23,7,UD_Russian-PUD,Russian
w01083,40,38,38,12,4,UD_Russian-PUD,Russian
w01084,43,37,37,10,5,UD_Russian-PUD,Russian
w01085,39,38,37,15,7,UD_Russian-PUD,Russian
w01086,36,34,34,13,3,UD_Russian-PUD,Russian
w01087,40,40,38,5,4,UD_Russian-PUD,Russian
w01088,40,40,40,14,6,UD_Russian-PUD,Russian
w01089,35,33,32,10,5,UD_Russian-PUD,Russian
w01091,41,40,40,12,3,UD_Russian-PUD,Russian
w01092,38,37,37,12,4,UD_Russian-PUD,Russian
w01093,41,40,39,12,6,UD_Russian-PUD,Russian
w01094,42,41,41,11,4,UD_Russian-PUD,Russian
w01095,49,46,46,12,9,UD_Russian-PUD,Russian
w01096,47,46,44,11,7,UD_Russian-PUD,Russian
w01097,44,43,43,14,11,UD_Russian-PUD,Russian
w01098,38,38,38,9,9,UD_Russian-PUD,Russian
w01099,39,37,35,10,2,UD_Russian-PUD,Russian
w01100,40,38,38,12,3,UD_Russian-PUD,Russian
w01101,38,37,34,8,8,UD_Russian-PUD,Russian
w01102,41,38,36,12,5,UD_Russian-PUD,Russian
w01103,43,41,40,9,7,UD_Russian-PUD,Russian
w01105,44,44,43,17,1,UD_Russian-PUD,Russian
w01106,46,44,44,12,9,UD_Russian-PUD,Russian
w01107,43,41,40,20,6,UD_Russian-PUD,Russian
w01108,36,35,35,11,6,UD_Russian-PUD,Russian
w01109,41,37,37,7,7,UD_Russian-PUD,Russian
w01111,43,41,40,11,4,UD_Russian-PUD,Russian
w01112,31,31,31,9,4,UD_Russian-PUD,Russian
w01113,33,33,30,8,6,UD_Russian-PUD,Russian
w01114,31,31,29,7,8,UD_Russian-PUD,Russian
w01115,31,28,28,6,6,UD_Russian-PUD,Russian
w01116,47,46,45,13,7,UD_Russian-PUD,Russian
w01117,45,45,44,14,5,UD_Russian-PUD,Russian
w01119,47,47,46,15,5,UD_Russian-PUD,Russian
w01121,41,40,39,14,3,UD_Russian-PUD,Russian
w01122,41,40,40,15,6,UD_Russian-PUD,Russian
w01124,39,35,34,10,3,UD_Russian-PUD,Russian
w01125,40,38,37,11,5,UD_Russian-PUD,Russian
w01127,39,39,36,16,6,UD_Russian-PUD,Russian
w01128,44,42,41,7,6,UD_Russian-PUD,Russian
w01129,46,44,44,13,4,UD_Russian-PUD,Russian
w01130,47,44,43,21,3,UD_Russian-PUD,Russian
w01131,44,39,37,15,9,UD_Russian-PUD,Russian
w01132,45,42,42,15,7,UD_Russian-PUD,Russian
w01133,39,36,35,12,8,UD_Russian-PUD,Russian
w01134,37,32,32,6,6,UD_Russian-PUD,Russian
w01135,42,39,37,11,7,UD_Russian-PUD,Russian
w01136,43,42,42,16,6,UD_Russian-PUD,Russian
w01137,40,39,39,10,6,UD_Russian-PUD,Russian
w01138,39,35,35,7,9,UD_Russian-PUD,Russian
w01139,42,40,38,16,5,UD_Russian-PUD,Russian
w01140,38,35,35,11,6,UD_Russian-PUD,Russian
w01141,39,34,34,12,6,UD_Russian-PUD,Russian
w01142,35,31,30,9,3,UD_Russian-PUD,Russian
w01143,43,41,40,16,5,UD_Russian-PUD,Russian
w01144,43,39,39,13,5,UD_Russian-PUD,Russian
w01146,43,41,40,14,6,UD_Russian-PUD,Russian
w01147,40,39,39,15,7,UD_Russian-PUD,Russian
w01148,45,41,40,16,3,UD_Russian-PUD,Russian
w01149,45,42,43,10,3,UD_Russian-PUD,Russian
w01150,42,40,40,15,4,UD_Russian-PUD,Russian
w02001,38,37,36,9,7,UD_Russian-PUD,Russian
w02002,39,37,37,10,3,UD_Russian-PUD,Russian
w02003,36,35,34,10,3,UD_Russian-PUD,Russian
w02004,36,32,32,8,7,UD_Russian-PUD,Russian
w02005,38,37,35,12,6,UD_Russian-PUD,Russian
w02006,32,30,30,11,5,UD_Russian-PUD,Russian
w02007,39,37,36,6,5,UD_Russian-PUD,Russian
w02008,44,43,41,13,7,UD_Russian-PUD,Russian
w02009,43,43,41,10,5,UD_Russian-PUD,Russian
w02011,40,34,34,13,5,UD_Russian-PUD,Russian
w02012,43,42,42,12,5,UD_Russian-PUD,Russian
w02013,44,43,42,11,8,UD_Russian-PUD,Russian
w02014,38,36,36,12,7,UD_Russian-PUD,Russian
w02015,43,38,38,13,4,UD_Russian-PUD,Russian
w02016,43,42,41,14,8,UD_Russian-PUD,Russian
w02017,43,42,41,15,7,UD_Russian-PUD,Russian
w02018,41,39,38,10,9,UD_Russian-PUD,Russian
w02019,43,38,36,8,3,UD_Russian-PUD,Russian
w03001,39,39,37,17,9,UD_Russian-PUD,Russian
w03002,43,37,37,8,8,UD_Russian-PUD,Russian
w03003,39,36,33,14,4,UD_Russian-PUD,Russian
w03004,40,40,39,12,2,UD_Russian-PUD,Russian
w03005,35,34,34,7,2,UD_Russian-PUD,Russian
w03006,33,33,33,10,4,UD_Russian-PUD,Russian
w03007,41,41,41,16,7,UD_Russian-PUD,Russian
w03008,40,38,36,7,2,UD_Russian-PUD,Russian
w03009,45,45,43,15,8,UD_Russian-PUD,Russian
w03010,45,43,42,14,9,UD_Russian-PUD,Russian
w04001,40,40,39,10,6,UD_Russian-PUD,Russian
w04002,39,37,37,14,3,UD_Russian-PUD,Russian
w04003,39,35,35,9,4,UD_Russian-PUD,Russian
w04004,39,35,35,10,8,UD_Russian-PUD,Russian
w04006,40,36,35,6,4,UD_Russian-PUD,Russian
w04007,38,37,35,12,4,UD_Russian-PUD,Russian
w04008,38,37,36,10,3,UD_Russian-PUD,Russian
w04009,41,36,34,10,3,UD_Russian-PUD,Russian
w04010,41,40,40,13,10,UD_Russian-PUD,Russian
w05001,45,43,42,11,5,UD_Russian-PUD,Russian
w05002,43,42,41,11,6,UD_Russian-PUD,Russian
w05003,46,45,45,17,5,UD_Russian-PUD,Russian
w05004,43,43,43,17,6,UD_Russian-PUD,Russian
w05005,43,39,37,14,7,UD_Russian-PUD,Russian
w05006,47,47,47,12,10,UD_Russian-PUD,Russian
w05007,43,40,40,12,8,UD_Russian-PUD,Russian
w05008,40,37,35,13,2,UD_Russian-PUD,Russian
w05009,40,37,37,10,5,UD_Russian-PUD,Russian
w05010,41,39,39,17,2,UD_Russian-PUD,Russian
